{
    "parent": "item/generated",
    "textures": {
        "layer0": "item/leather_chestplate",
        "layer1": "item/leather_chestplate_overlay"
    },
    "overrides": [
        {
            "predicate": {"custom_model_data": 3510001},
            "model": "item/gui/skillicon_lightarmor"
        },
        {
            "predicate": {"custom_model_data": 9918290},
            "model": "item/armor/copper_chestplate"
        },
        {
            "predicate": {"custom_model_data": 9918291},
            "model": "item/armor/assassin_chestplate"
        },
        {
            "predicate": {"custom_model_data": 9918292},
            "model": "item/armor/royal_diamond_chestplate"
        },
        {
            "predicate": {"custom_model_data": 9918293},
            "model": "item/armor/royal_netherite_chestplate"
        },
        {
            "predicate": {"custom_model_data": 9918294},
            "model": "item/armor/turtle_chestplate"
        }
    ]
}