{
	"credit": "Made with Blockbench",
	"texture_size": [64, 64],
	"textures": {
		"0": "item/custom/CrowbarTexture",
		"particle": "item/custom/CrowbarTexture"
	},
	"elements": [
		{
			"from": [7.3, 2, 7.3],
			"to": [8.7, 22, 8.7],
			"rotation": {"angle": 0, "axis": "y", "origin": [7, 11, 7]},
			"faces": {
				"north": {"uv": [0, 0, 0.75, 10], "texture": "#0"},
				"east": {"uv": [1, 0, 1.75, 10], "texture": "#0"},
				"south": {"uv": [2, 0, 2.75, 10], "texture": "#0"},
				"west": {"uv": [3, 0, 3.75, 10], "texture": "#0"},
				"up": {"uv": [6.75, 7.75, 6, 7], "texture": "#0"},
				"down": {"uv": [7.75, 6, 7, 6.75], "texture": "#0"}
			}
		},
		{
			"from": [7.2999, 0.6999, 7.5999],
			"to": [8.7001, 2.5001, 9.0001],
			"rotation": {"angle": -22.5, "axis": "x", "origin": [8, 1.5, 8.3]},
			"faces": {
				"north": {"uv": [4, 6.5, 4.75, 7.375], "texture": "#0"},
				"east": {"uv": [5, 6.5, 5.75, 7.375], "texture": "#0"},
				"south": {"uv": [7, 4, 7.75, 4.875], "texture": "#0"},
				"west": {"uv": [7, 5, 7.75, 5.875], "texture": "#0"},
				"up": {"uv": [7.75, 7.75, 7, 7], "texture": "#0"},
				"down": {"uv": [8.25, 0, 7.5, 0.75], "texture": "#0"}
			}
		},
		{
			"from": [7.3, 0.45224, 7.96537],
			"to": [8.7, 1.85224, 11.06537],
			"rotation": {"angle": 0, "axis": "y", "origin": [8, 1.15224, 8.96537]},
			"faces": {
				"north": {"uv": [7.5, 1, 8.25, 1.75], "texture": "#0"},
				"east": {"uv": [4, 0, 5.5, 0.75], "texture": "#0"},
				"south": {"uv": [7.5, 2, 8.25, 2.75], "texture": "#0"},
				"west": {"uv": [4, 1, 5.5, 1.75], "texture": "#0"},
				"up": {"uv": [4.75, 3.5, 4, 2], "texture": "#0"},
				"down": {"uv": [4.75, 3.5, 4, 5], "texture": "#0"}
			}
		},
		{
			"from": [7.2999, 21.5411, 6.99334],
			"to": [8.7001, 23.5413, 8.39354],
			"rotation": {"angle": -22.5, "axis": "x", "origin": [8, 22.5412, 7.69344]},
			"faces": {
				"north": {"uv": [5.5, 0, 6.25, 1], "texture": "#0"},
				"east": {"uv": [5.5, 1, 6.25, 2], "texture": "#0"},
				"south": {"uv": [5, 5.5, 5.75, 6.5], "texture": "#0"},
				"west": {"uv": [6, 4, 6.75, 5], "texture": "#0"},
				"up": {"uv": [8.25, 3.75, 7.5, 3], "texture": "#0"},
				"down": {"uv": [4.75, 7.5, 4, 8.25], "texture": "#0"}
			}
		},
		{
			"from": [7.3, 21.48239, 5.26927],
			"to": [8.7, 23.48239, 6.66927],
			"rotation": {"angle": 22.5, "axis": "x", "origin": [8, 22.48239, 5.96927]},
			"faces": {
				"north": {"uv": [6, 5, 6.75, 6], "texture": "#0"},
				"east": {"uv": [6, 6, 6.75, 7], "texture": "#0"},
				"south": {"uv": [6.5, 0, 7.25, 1], "texture": "#0"},
				"west": {"uv": [6.5, 1, 7.25, 2], "texture": "#0"},
				"up": {"uv": [5.75, 8.25, 5, 7.5], "texture": "#0"},
				"down": {"uv": [8.75, 4, 8, 4.75], "texture": "#0"}
			}
		},
		{
			"from": [7.3, 21.78896, 5.72807],
			"to": [8.7, 23.78896, 7.92807],
			"rotation": {"angle": 0, "axis": "y", "origin": [8, 22.78896, 7.22807]},
			"faces": {
				"north": {"uv": [6.5, 2, 7.25, 3], "texture": "#0"},
				"east": {"uv": [5, 2, 6.125, 3], "texture": "#0"},
				"south": {"uv": [6.5, 3, 7.25, 4], "texture": "#0"},
				"west": {"uv": [5, 3, 6.125, 4], "texture": "#0"},
				"up": {"uv": [4.75, 6.125, 4, 5], "texture": "#0"},
				"down": {"uv": [5.75, 4, 5, 5.125], "texture": "#0"}
			}
		},
		{
			"from": [8.699, 20.33463, 4.5039],
			"to": [8.699, 21.63463, 5.9039],
			"rotation": {"angle": 22.5, "axis": "x", "origin": [7.699, 20.63463, 5.2039]},
			"faces": {
				"north": {"uv": [0, 0, 0, 0.625], "texture": "#0"},
				"east": {"uv": [8, 6, 8.75, 6.625], "texture": "#0"},
				"south": {"uv": [0, 0, 0, 0.625], "texture": "#0"},
				"west": {"uv": [7, 8, 7.75, 8.625], "texture": "#0"},
				"up": {"uv": [0, 0.75, 0, 0], "texture": "#0"},
				"down": {"uv": [0, 0, 0, 0.75], "texture": "#0"}
			}
		},
		{
			"from": [7.299, 20.33463, 4.5039],
			"to": [7.299, 21.63463, 5.9039],
			"rotation": {"angle": 22.5, "axis": "x", "origin": [8.299, 20.63463, 5.2039]},
			"faces": {
				"north": {"uv": [0, 0, 0, 0.625], "texture": "#0"},
				"east": {"uv": [8, 5, 8.75, 5.625], "texture": "#0"},
				"south": {"uv": [0, 0, 0, 0.625], "texture": "#0"},
				"west": {"uv": [6, 8, 6.75, 8.625], "texture": "#0"},
				"up": {"uv": [0, 0.75, 0, 0], "texture": "#0"},
				"down": {"uv": [0, 0, 0, 0.75], "texture": "#0"}
			}
		}
	],
	"display": {
		"thirdperson_righthand": {
			"translation": [0, -2.75, 1.25]
		},
		"thirdperson_lefthand": {
			"translation": [0, -2.75, 1.25]
		},
		"ground": {
			"translation": [0, 5.25, 0]
		},
		"gui": {
			"rotation": [-90, 48, 90],
			"translation": [1.75, -1.25, 0],
			"scale": [1, 0.63477, 1]
		},
		"head": {
			"rotation": [-31, 0, 0],
			"translation": [6.5, -28.5, 1.25]
		},
		"fixed": {
			"rotation": [0, 90, 0]
		}
	}
}