{
	"credit": "Made with Blockbench",
	"textureSize": [64, 64],
	"texture": "item/custom/PudimPeitoral",
	"models": [
		{
			"part": "body",
			"id": "body",
			"invertAxis": "xy",
			"translate": [0, -24, 0],
			"boxes": [
				{"coordinates": [-4, 12, -2, 8, 12, 4], "textureOffset": [0, 0], "sizeAdd": 0.75},
				{"coordinates": [-4, 12, -2, 8, 12, 4], "textureOffset": [27, 0], "sizeAdd": 1}
			]
		},
		{
			"part": "left_arm",
			"id": "left_arm",
			"invertAxis": "xy",
			"translate": [5, -22, 0],
			"boxes": [
				{"coordinates": [-8, 12, -2, 4, 12, 4], "textureOffset": [0, 16], "sizeAdd": 0.75},
				{"coordinates": [-8, 12, -2, 4, 12, 4], "textureOffset": [0, 34], "sizeAdd": 1}
			]
		},
		{
			"part": "right_arm",
			"id": "right_arm",
			"invertAxis": "xy",
			"translate": [-5, -22, 0],
			"boxes": [
				{"coordinates": [4, 12, -2, 4, 12, 4], "textureOffset": [16, 16], "sizeAdd": 0.75},
				{"coordinates": [4, 12, -2, 4, 12, 4], "textureOffset": [16, 34], "sizeAdd": 1}
			]
		}
	]
}