{
	"credit": "Made with Blockbench",
	"texture_size": [64, 64],
	"textures": {
		"0": "item/custom/espada_vermelha",
		"particle": "item/custom/espada_vermelha"
	},
	"elements": [
		{
			"from": [7.8, 4, 8],
			"to": [8.2, 31.6, 12],
			"rotation": {"angle": 0, "axis": "y", "origin": [7.9813, 1.25, 8.00005]},
			"faces": {
				"north": {"uv": [6.25, 9, 6.34375, 15.90625], "texture": "#0"},
				"east": {"uv": [4.5, 0, 5.5, 6.90625], "texture": "#0"},
				"south": {"uv": [9, 6.25, 9.09375, 13.15625], "texture": "#0"},
				"west": {"uv": [5.5, 0, 6.5, 6.90625], "texture": "#0"},
				"up": {"uv": [11.84375, 13.25, 11.75, 12.25], "texture": "#0"},
				"down": {"uv": [12.34375, 11.75, 12.25, 12.75], "texture": "#0"}
			}
		},
		{
			"from": [7.8, 4, 4],
			"to": [8.2, 31.6, 8],
			"rotation": {"angle": 0, "axis": "y", "origin": [7.9813, 1.25, 8.00005]},
			"faces": {
				"north": {"uv": [6.5, 9, 6.59375, 15.90625], "texture": "#0"},
				"east": {"uv": [6.5, 0, 7.5, 6.90625], "texture": "#0"},
				"south": {"uv": [6.75, 9, 6.84375, 15.90625], "texture": "#0"},
				"west": {"uv": [0, 7, 1, 13.90625], "texture": "#0"},
				"up": {"uv": [12.59375, 1, 12.5, 0], "texture": "#0"},
				"down": {"uv": [2.09375, 12.5, 2, 13.5], "texture": "#0"}
			}
		},
		{
			"from": [7.5, 4, 7],
			"to": [8.5, 30.6, 9],
			"rotation": {"angle": 0, "axis": "y", "origin": [7.9813, 1.25, 8.00005]},
			"faces": {
				"north": {"uv": [5, 7, 5.25, 13.65625], "texture": "#0"},
				"east": {"uv": [1, 7, 1.5, 13.65625], "texture": "#0"},
				"south": {"uv": [5.25, 7, 5.5, 13.65625], "texture": "#0"},
				"west": {"uv": [1.5, 7, 2, 13.65625], "texture": "#0"},
				"up": {"uv": [10.25, 12.25, 10, 11.75], "texture": "#0"},
				"down": {"uv": [12.25, 0, 12, 0.5], "texture": "#0"}
			}
		},
		{
			"from": [7.7, -15.3, 7.7],
			"to": [8.3, 1.6, 8.3],
			"rotation": {"angle": 0, "axis": "y", "origin": [7.9813, 1.25, 8.00005]},
			"faces": {
				"north": {"uv": [9, 2, 9.15625, 6.21875], "texture": "#0"},
				"east": {"uv": [5.5, 9, 5.65625, 13.21875], "texture": "#0"},
				"south": {"uv": [5.75, 9, 5.90625, 13.21875], "texture": "#0"},
				"west": {"uv": [6, 9, 6.15625, 13.21875], "texture": "#0"},
				"up": {"uv": [2.15625, 13.90625, 2, 13.75], "texture": "#0"},
				"down": {"uv": [2.65625, 13.75, 2.5, 13.90625], "texture": "#0"}
			}
		},
		{
			"from": [7.6, -15.3, 7.8],
			"to": [8.4, 1.6, 8.2],
			"rotation": {"angle": 0, "axis": "y", "origin": [7.9813, 1.25, 8.00005]},
			"faces": {
				"north": {"uv": [4.5, 8.5, 4.6875, 12.71875], "texture": "#0"},
				"east": {"uv": [9.75, 6.75, 9.84375, 10.96875], "texture": "#0"},
				"south": {"uv": [4.75, 8.5, 4.9375, 12.71875], "texture": "#0"},
				"west": {"uv": [10, 6.75, 10.09375, 10.96875], "texture": "#0"},
				"up": {"uv": [1.6875, 14.09375, 1.5, 14], "texture": "#0"},
				"down": {"uv": [1.9375, 14, 1.75, 14.09375], "texture": "#0"}
			}
		},
		{
			"from": [7.8, -15.3, 7.6],
			"to": [8.2, 1.6, 8.4],
			"rotation": {"angle": 0, "axis": "y", "origin": [7.9813, 1.25, 8.00005]},
			"faces": {
				"north": {"uv": [10.25, 3, 10.34375, 7.21875], "texture": "#0"},
				"east": {"uv": [8.75, 2, 8.9375, 6.21875], "texture": "#0"},
				"south": {"uv": [10.25, 7.25, 10.34375, 11.46875], "texture": "#0"},
				"west": {"uv": [8.75, 6.25, 8.9375, 10.46875], "texture": "#0"},
				"up": {"uv": [14.09375, 1.9375, 14, 1.75], "texture": "#0"},
				"down": {"uv": [2.09375, 14, 2, 14.1875], "texture": "#0"}
			}
		},
		{
			"from": [7.8999, -1.5001, 4.9999],
			"to": [8.1001, -0.4999, 11.0001],
			"rotation": {"angle": 0, "axis": "y", "origin": [7.9813, 1.25, 8.00005]},
			"faces": {
				"north": {"uv": [14, 5.25, 14.0625, 5.5], "texture": "#0"},
				"east": {"uv": [9.75, 1.25, 11.25, 1.5], "texture": "#0"},
				"south": {"uv": [5.5, 14, 5.5625, 14.25], "texture": "#0"},
				"west": {"uv": [9.75, 1.5, 11.25, 1.75], "texture": "#0"},
				"up": {"uv": [3.3125, 14, 3.25, 12.5], "texture": "#0"},
				"down": {"uv": [3.5625, 12.5, 3.5, 14], "texture": "#0"}
			}
		},
		{
			"from": [7.8999, 0.7999, 4.6999],
			"to": [8.1001, 2.0001, 11.3001],
			"rotation": {"angle": 0, "axis": "y", "origin": [7.9813, 1.25, 8.00005]},
			"faces": {
				"north": {"uv": [1.25, 14, 1.3125, 14.3125], "texture": "#0"},
				"east": {"uv": [9.25, 2, 10.90625, 2.3125], "texture": "#0"},
				"south": {"uv": [14, 1.25, 14.0625, 1.5625], "texture": "#0"},
				"west": {"uv": [9.25, 2.5, 10.90625, 2.8125], "texture": "#0"},
				"up": {"uv": [7.5625, 13.90625, 7.5, 12.25], "texture": "#0"},
				"down": {"uv": [7.8125, 12.25, 7.75, 13.90625], "texture": "#0"}
			}
		},
		{
			"from": [7.8999, -4.5001, 5.9999],
			"to": [8.1001, -3.4999, 10.0001],
			"rotation": {"angle": 0, "axis": "y", "origin": [7.9813, 1.25, 8.00005]},
			"faces": {
				"north": {"uv": [14, 5.5, 14.0625, 5.75], "texture": "#0"},
				"east": {"uv": [9.75, 1.75, 10.75, 2], "texture": "#0"},
				"south": {"uv": [5.75, 14, 5.8125, 14.25], "texture": "#0"},
				"west": {"uv": [10.75, 0.75, 11.75, 1], "texture": "#0"},
				"up": {"uv": [3.0625, 14, 3, 13], "texture": "#0"},
				"down": {"uv": [13.0625, 3, 13, 4], "texture": "#0"}
			}
		},
		{
			"from": [7.7999, -4.3001, 5.4999],
			"to": [8.2001, -3.6999, 10.5001],
			"rotation": {"angle": 0, "axis": "y", "origin": [7.9813, 1.25, 8.00005]},
			"faces": {
				"north": {"uv": [9.5, 14, 9.59375, 14.15625], "texture": "#0"},
				"east": {"uv": [10.5, 10.75, 11.75, 10.90625], "texture": "#0"},
				"south": {"uv": [14, 9.5, 14.09375, 9.65625], "texture": "#0"},
				"west": {"uv": [2, 11, 3.25, 11.15625], "texture": "#0"},
				"up": {"uv": [2.34375, 13.25, 2.25, 12], "texture": "#0"},
				"down": {"uv": [12.09375, 4, 12, 5.25], "texture": "#0"}
			}
		},
		{
			"from": [7.399, -2.301, 6.999],
			"to": [8.601, -1.699, 9.001],
			"rotation": {"angle": 0, "axis": "y", "origin": [7.9813, 1.25, 8.00005]},
			"faces": {
				"north": {"uv": [13, 8.5, 13.3125, 8.65625], "texture": "#0"},
				"east": {"uv": [11.25, 6.25, 11.75, 6.40625], "texture": "#0"},
				"south": {"uv": [13, 8.75, 13.3125, 8.90625], "texture": "#0"},
				"west": {"uv": [12.5, 6, 13, 6.15625], "texture": "#0"},
				"up": {"uv": [11.5625, 10.25, 11.25, 9.75], "texture": "#0"},
				"down": {"uv": [11.5625, 10.25, 11.25, 10.75], "texture": "#0"}
			}
		},
		{
			"from": [7.499, -2.501, 6.999],
			"to": [8.501, -2.299, 9.001],
			"rotation": {"angle": 0, "axis": "y", "origin": [7.9813, 1.25, 8.00005]},
			"faces": {
				"north": {"uv": [14, 5.75, 14.25, 5.8125], "texture": "#0"},
				"east": {"uv": [13.5, 2.5, 14, 2.5625], "texture": "#0"},
				"south": {"uv": [6, 14, 6.25, 14.0625], "texture": "#0"},
				"west": {"uv": [13.5, 2.75, 14, 2.8125], "texture": "#0"},
				"up": {"uv": [12.25, 1, 12, 0.5], "texture": "#0"},
				"down": {"uv": [2.25, 12, 2, 12.5], "texture": "#0"}
			}
		},
		{
			"from": [7.599, -2.701, 7.199],
			"to": [8.401, -2.499, 8.801],
			"rotation": {"angle": 0, "axis": "y", "origin": [7.9813, 1.25, 8.00005]},
			"faces": {
				"north": {"uv": [11.25, 14, 11.4375, 14.0625], "texture": "#0"},
				"east": {"uv": [13.75, 2, 14.15625, 2.0625], "texture": "#0"},
				"south": {"uv": [14, 11.25, 14.1875, 11.3125], "texture": "#0"},
				"west": {"uv": [13.75, 2.25, 14.15625, 2.3125], "texture": "#0"},
				"up": {"uv": [12.9375, 5.90625, 12.75, 5.5], "texture": "#0"},
				"down": {"uv": [12.9375, 6.75, 12.75, 7.15625], "texture": "#0"}
			}
		},
		{
			"from": [7.3999, -1.96744, 6.19689],
			"to": [8.6001, -1.36724, 7.19709],
			"rotation": {"angle": -45, "axis": "x", "origin": [7.9813, 1.25, 8.00005]},
			"faces": {
				"north": {"uv": [13, 9, 13.3125, 9.15625], "texture": "#0"},
				"east": {"uv": [13.25, 9.25, 13.5, 9.40625], "texture": "#0"},
				"south": {"uv": [9.25, 13, 9.5625, 13.15625], "texture": "#0"},
				"west": {"uv": [9.5, 13.25, 9.75, 13.40625], "texture": "#0"},
				"up": {"uv": [13.0625, 2.25, 12.75, 2], "texture": "#0"},
				"down": {"uv": [13.0625, 2.25, 12.75, 2.5], "texture": "#0"}
			}
		},
		{
			"from": [7.3999, -1.96751, 8.80294],
			"to": [8.6001, -1.36731, 9.80314],
			"rotation": {"angle": 45, "axis": "x", "origin": [7.9813, 1.25, 8.00005]},
			"faces": {
				"north": {"uv": [13, 9.5, 13.3125, 9.65625], "texture": "#0"},
				"east": {"uv": [9.75, 13.25, 10, 13.40625], "texture": "#0"},
				"south": {"uv": [13, 9.75, 13.3125, 9.90625], "texture": "#0"},
				"west": {"uv": [10, 13.25, 10.25, 13.40625], "texture": "#0"},
				"up": {"uv": [13.0625, 2.75, 12.75, 2.5], "texture": "#0"},
				"down": {"uv": [13.0625, 2.75, 12.75, 3], "texture": "#0"}
			}
		},
		{
			"from": [7.7999, -3.7001, 7.0999],
			"to": [8.2001, -1.2999, 8.9001],
			"rotation": {"angle": 0, "axis": "y", "origin": [7.9813, 1.25, 8.00005]},
			"faces": {
				"north": {"uv": [13, 6.5, 13.09375, 7.09375], "texture": "#0"},
				"east": {"uv": [8.25, 10.75, 8.6875, 11.34375], "texture": "#0"},
				"south": {"uv": [7, 13, 7.09375, 13.59375], "texture": "#0"},
				"west": {"uv": [9.25, 10.75, 9.6875, 11.34375], "texture": "#0"},
				"up": {"uv": [8.59375, 13.6875, 8.5, 13.25], "texture": "#0"},
				"down": {"uv": [9.09375, 13.25, 9, 13.6875], "texture": "#0"}
			}
		},
		{
			"from": [7.6, -8.36796, 1.93063],
			"to": [8.4, -5.41796, 2.53063],
			"rotation": {"angle": 0, "axis": "y", "origin": [7.9813, 1.25, 8.00005]},
			"faces": {
				"north": {"uv": [8.75, 11.25, 8.9375, 12], "texture": "#0"},
				"east": {"uv": [12, 5.25, 12.15625, 6], "texture": "#0"},
				"south": {"uv": [11.5, 0, 11.6875, 0.75], "texture": "#0"},
				"west": {"uv": [12, 6, 12.15625, 6.75], "texture": "#0"},
				"up": {"uv": [13.6875, 4.65625, 13.5, 4.5], "texture": "#0"},
				"down": {"uv": [13.6875, 4.75, 13.5, 4.90625], "texture": "#0"}
			}
		},
		{
			"from": [7.65, -7.19296, -0.26937],
			"to": [8.35, -6.59296, 2.43063],
			"rotation": {"angle": 0, "axis": "y", "origin": [7.9813, 1.25, 8.00005]},
			"faces": {
				"north": {"uv": [13.5, 5, 13.6875, 5.15625], "texture": "#0"},
				"east": {"uv": [12, 7.5, 12.71875, 7.65625], "texture": "#0"},
				"south": {"uv": [13.5, 5.25, 13.6875, 5.40625], "texture": "#0"},
				"west": {"uv": [7.75, 12, 8.46875, 12.15625], "texture": "#0"},
				"up": {"uv": [9.4375, 12.21875, 9.25, 11.5], "texture": "#0"},
				"down": {"uv": [9.6875, 11.5, 9.5, 12.21875], "texture": "#0"}
			}
		},
		{
			"from": [7.6999, -10.6395, 7.62643],
			"to": [8.3001, -10.2143, 8.05163],
			"rotation": {"angle": 45, "axis": "x", "origin": [7.9813, 1.25, 8.00005]},
			"faces": {
				"north": {"uv": [9.75, 14, 9.90625, 14.09375], "texture": "#0"},
				"east": {"uv": [0, 14.25, 0.09375, 14.34375], "texture": "#0"},
				"south": {"uv": [14, 9.75, 14.15625, 9.84375], "texture": "#0"},
				"west": {"uv": [14.25, 0, 14.34375, 0.09375], "texture": "#0"},
				"up": {"uv": [10.15625, 14.09375, 10, 14], "texture": "#0"},
				"down": {"uv": [14.15625, 10, 14, 10.09375], "texture": "#0"}
			}
		},
		{
			"from": [7.8, -10.7144, 7.55153],
			"to": [8.2, -10.1894, 8.07653],
			"rotation": {"angle": 45, "axis": "x", "origin": [7.9813, 1.25, 8.00005]},
			"faces": {
				"north": {"uv": [11.5, 14, 11.59375, 14.125], "texture": "#0"},
				"east": {"uv": [14, 6, 14.125, 6.125], "texture": "#0"},
				"south": {"uv": [14, 11.5, 14.09375, 11.625], "texture": "#0"},
				"west": {"uv": [14, 6.25, 14.125, 6.375], "texture": "#0"},
				"up": {"uv": [11.84375, 14.125, 11.75, 14], "texture": "#0"},
				"down": {"uv": [14.09375, 11.75, 14, 11.875], "texture": "#0"}
			}
		},
		{
			"from": [7.6749, -7.49306, 0.83053],
			"to": [8.3251, -6.29286, 2.43073],
			"rotation": {"angle": 0, "axis": "y", "origin": [7.9813, 1.25, 8.00005]},
			"faces": {
				"north": {"uv": [8.75, 13, 8.90625, 13.3125], "texture": "#0"},
				"east": {"uv": [11.75, 10.75, 12.15625, 11.0625], "texture": "#0"},
				"south": {"uv": [13, 10, 13.15625, 10.3125], "texture": "#0"},
				"west": {"uv": [11, 11.75, 11.40625, 12.0625], "texture": "#0"},
				"up": {"uv": [12.90625, 10.65625, 12.75, 10.25], "texture": "#0"},
				"down": {"uv": [12.90625, 10.75, 12.75, 11.15625], "texture": "#0"}
			}
		},
		{
			"from": [7.675, -10.00322, 8.26418],
			"to": [8.325, -9.15322, 9.11418],
			"rotation": {"angle": 45, "axis": "x", "origin": [7.9813, 1.25, 8.00005]},
			"faces": {
				"north": {"uv": [13.5, 1, 13.65625, 1.21875], "texture": "#0"},
				"east": {"uv": [11, 13, 11.21875, 13.21875], "texture": "#0"},
				"south": {"uv": [13.5, 1.25, 13.65625, 1.46875], "texture": "#0"},
				"west": {"uv": [13, 11, 13.21875, 11.21875], "texture": "#0"},
				"up": {"uv": [13.65625, 1.71875, 13.5, 1.5], "texture": "#0"},
				"down": {"uv": [13.65625, 1.75, 13.5, 1.96875], "texture": "#0"}
			}
		},
		{
			"from": [7.7, -9.75311, 3.49869],
			"to": [8.3, -9.15311, 6.09869],
			"rotation": {"angle": 22.5, "axis": "x", "origin": [7.9813, 1.25, 8.00005]},
			"faces": {
				"north": {"uv": [13.75, 3, 13.90625, 3.15625], "texture": "#0"},
				"east": {"uv": [12.25, 6.25, 12.90625, 6.40625], "texture": "#0"},
				"south": {"uv": [13.75, 3.25, 13.90625, 3.40625], "texture": "#0"},
				"west": {"uv": [12.25, 6.5, 12.90625, 6.65625], "texture": "#0"},
				"up": {"uv": [12.40625, 7.40625, 12.25, 6.75], "texture": "#0"},
				"down": {"uv": [12.40625, 7.75, 12.25, 8.40625], "texture": "#0"}
			}
		},
		{
			"from": [7.8, -9.82811, 3.49869],
			"to": [8.2, -9.07811, 6.09869],
			"rotation": {"angle": 22.5, "axis": "x", "origin": [7.9813, 1.25, 8.00005]},
			"faces": {
				"north": {"uv": [2.25, 14, 2.34375, 14.1875], "texture": "#0"},
				"east": {"uv": [12, 2, 12.65625, 2.1875], "texture": "#0"},
				"south": {"uv": [2.5, 14, 2.59375, 14.1875], "texture": "#0"},
				"west": {"uv": [12, 2.25, 12.65625, 2.4375], "texture": "#0"},
				"up": {"uv": [3.84375, 13.65625, 3.75, 13], "texture": "#0"},
				"down": {"uv": [4.09375, 13, 4, 13.65625], "texture": "#0"}
			}
		},
		{
			"from": [7.7, -3.39311, -2.73366],
			"to": [8.3, -2.79311, -0.13366],
			"rotation": {"angle": -22.5, "axis": "x", "origin": [7.9813, 1.25, 8.00005]},
			"faces": {
				"north": {"uv": [13.75, 3.5, 13.90625, 3.65625], "texture": "#0"},
				"east": {"uv": [12.25, 8.5, 12.90625, 8.65625], "texture": "#0"},
				"south": {"uv": [3.75, 13.75, 3.90625, 13.90625], "texture": "#0"},
				"west": {"uv": [12.25, 8.75, 12.90625, 8.90625], "texture": "#0"},
				"up": {"uv": [8.15625, 12.90625, 8, 12.25], "texture": "#0"},
				"down": {"uv": [8.40625, 12.25, 8.25, 12.90625], "texture": "#0"}
			}
		},
		{
			"from": [7.725, -3.46811, -2.73366],
			"to": [8.275, -2.71811, -0.13366],
			"rotation": {"angle": -22.5, "axis": "x", "origin": [7.9813, 1.25, 8.00005]},
			"faces": {
				"north": {"uv": [0.75, 14, 0.875, 14.1875], "texture": "#0"},
				"east": {"uv": [12, 2.5, 12.65625, 2.6875], "texture": "#0"},
				"south": {"uv": [14, 0.75, 14.125, 0.9375], "texture": "#0"},
				"west": {"uv": [12, 2.75, 12.65625, 2.9375], "texture": "#0"},
				"up": {"uv": [12.625, 10.90625, 12.5, 10.25], "texture": "#0"},
				"down": {"uv": [10.625, 12.5, 10.5, 13.15625], "texture": "#0"}
			}
		},
		{
			"from": [7.5999, -8.23483, -1.28245],
			"to": [8.4001, -5.30963, -0.68225],
			"rotation": {"angle": -22.5, "axis": "x", "origin": [7.9813, 1.25, 8.00005]},
			"faces": {
				"north": {"uv": [10.25, 11.5, 10.4375, 12.21875], "texture": "#0"},
				"east": {"uv": [7.25, 12, 7.40625, 12.71875], "texture": "#0"},
				"south": {"uv": [11.5, 11, 11.6875, 11.71875], "texture": "#0"},
				"west": {"uv": [12, 7.75, 12.15625, 8.46875], "texture": "#0"},
				"up": {"uv": [13.6875, 5.65625, 13.5, 5.5], "texture": "#0"},
				"down": {"uv": [13.6875, 5.75, 13.5, 5.90625], "texture": "#0"}
			}
		},
		{
			"from": [7.625, -11.41132, 2.72428],
			"to": [8.375, -10.81132, 3.32428],
			"rotation": {"angle": 0, "axis": "y", "origin": [7.9813, 1.25, 8.00005]},
			"faces": {
				"north": {"uv": [13.5, 6, 13.6875, 6.15625], "texture": "#0"},
				"east": {"uv": [13.75, 3.75, 13.90625, 3.90625], "texture": "#0"},
				"south": {"uv": [13.5, 6.25, 13.6875, 6.40625], "texture": "#0"},
				"west": {"uv": [4, 13.75, 4.15625, 13.90625], "texture": "#0"},
				"up": {"uv": [13.6875, 6.65625, 13.5, 6.5], "texture": "#0"},
				"down": {"uv": [13.6875, 6.75, 13.5, 6.90625], "texture": "#0"}
			}
		},
		{
			"from": [7.525, -11.11132, 3.02428],
			"to": [8.475, -10.51132, 3.62428],
			"rotation": {"angle": 0, "axis": "y", "origin": [7.9813, 1.25, 8.00005]},
			"faces": {
				"north": {"uv": [13.25, 10, 13.5, 10.15625], "texture": "#0"},
				"east": {"uv": [13.75, 4, 13.90625, 4.15625], "texture": "#0"},
				"south": {"uv": [10.25, 13.25, 10.5, 13.40625], "texture": "#0"},
				"west": {"uv": [13.75, 4.25, 13.90625, 4.40625], "texture": "#0"},
				"up": {"uv": [13.5, 10.40625, 13.25, 10.25], "texture": "#0"},
				"down": {"uv": [10.75, 13.25, 10.5, 13.40625], "texture": "#0"}
			}
		},
		{
			"from": [7.65, -10.71132, 3.44928],
			"to": [8.325, -10.11132, 4.04928],
			"rotation": {"angle": 0, "axis": "x", "origin": [7.9813, 1.25, 8.00005]},
			"faces": {
				"north": {"uv": [13.75, 4.5, 13.90625, 4.65625], "texture": "#0"},
				"east": {"uv": [13.75, 4.75, 13.90625, 4.90625], "texture": "#0"},
				"south": {"uv": [5, 13.75, 5.15625, 13.90625], "texture": "#0"},
				"west": {"uv": [13.75, 5, 13.90625, 5.15625], "texture": "#0"},
				"up": {"uv": [5.40625, 13.90625, 5.25, 13.75], "texture": "#0"},
				"down": {"uv": [13.90625, 5.25, 13.75, 5.40625], "texture": "#0"}
			}
		},
		{
			"from": [7.625, -10.81132, 3.32428],
			"to": [8.375, -10.21132, 3.92428],
			"rotation": {"angle": 0, "axis": "x", "origin": [7.9813, 1.25, 8.00005]},
			"faces": {
				"north": {"uv": [13.5, 7, 13.6875, 7.15625], "texture": "#0"},
				"east": {"uv": [13.75, 5.5, 13.90625, 5.65625], "texture": "#0"},
				"south": {"uv": [13.5, 7.25, 13.6875, 7.40625], "texture": "#0"},
				"west": {"uv": [13.75, 5.75, 13.90625, 5.90625], "texture": "#0"},
				"up": {"uv": [13.6875, 7.65625, 13.5, 7.5], "texture": "#0"},
				"down": {"uv": [13.6875, 7.75, 13.5, 7.90625], "texture": "#0"}
			}
		},
		{
			"from": [7.65, -11.51132, 2.59928],
			"to": [8.325, -10.91132, 3.19928],
			"rotation": {"angle": 0, "axis": "y", "origin": [7.9813, 1.25, 8.00005]},
			"faces": {
				"north": {"uv": [6, 13.75, 6.15625, 13.90625], "texture": "#0"},
				"east": {"uv": [13.75, 6, 13.90625, 6.15625], "texture": "#0"},
				"south": {"uv": [13.75, 6.25, 13.90625, 6.40625], "texture": "#0"},
				"west": {"uv": [13.75, 6.5, 13.90625, 6.65625], "texture": "#0"},
				"up": {"uv": [13.90625, 6.90625, 13.75, 6.75], "texture": "#0"},
				"down": {"uv": [7.15625, 13.75, 7, 13.90625], "texture": "#0"}
			}
		},
		{
			"from": [7.5999, -6.70719, -4.19985],
			"to": [8.4001, -3.95699, -3.59965],
			"rotation": {"angle": -45, "axis": "x", "origin": [7.9813, 1.25, 8.00005]},
			"faces": {
				"north": {"uv": [11.75, 9, 11.9375, 9.6875], "texture": "#0"},
				"east": {"uv": [12.25, 4.75, 12.40625, 5.4375], "texture": "#0"},
				"south": {"uv": [9.75, 11.75, 9.9375, 12.4375], "texture": "#0"},
				"west": {"uv": [12.25, 5.5, 12.40625, 6.1875], "texture": "#0"},
				"up": {"uv": [13.6875, 8.15625, 13.5, 8], "texture": "#0"},
				"down": {"uv": [13.6875, 8.25, 13.5, 8.40625], "texture": "#0"}
			}
		},
		{
			"from": [7.5999, -12.18912, 16.94625],
			"to": [8.4001, -11.76392, 17.37145],
			"rotation": {"angle": 45, "axis": "x", "origin": [7.9813, 1.25, 8.00005]},
			"faces": {
				"north": {"uv": [14, 2.5, 14.1875, 2.59375], "texture": "#0"},
				"east": {"uv": [0.25, 14.25, 0.34375, 14.34375], "texture": "#0"},
				"south": {"uv": [2.75, 14, 2.9375, 14.09375], "texture": "#0"},
				"west": {"uv": [14.25, 0.25, 14.34375, 0.34375], "texture": "#0"},
				"up": {"uv": [14.1875, 2.84375, 14, 2.75], "texture": "#0"},
				"down": {"uv": [3.1875, 14, 3, 14.09375], "texture": "#0"}
			}
		},
		{
			"from": [7.8992, -8.31941, 20.81595],
			"to": [8.0992, -7.54441, 21.59095],
			"rotation": {"angle": 45, "axis": "x", "origin": [7.9813, 1.25, 8.00005]},
			"faces": {
				"north": {"uv": [12, 14, 12.0625, 14.1875], "texture": "#0"},
				"east": {"uv": [13.25, 12.5, 13.4375, 12.6875], "texture": "#0"},
				"south": {"uv": [14, 12, 14.0625, 12.1875], "texture": "#0"},
				"west": {"uv": [13.25, 12.75, 13.4375, 12.9375], "texture": "#0"},
				"up": {"uv": [12.3125, 14.1875, 12.25, 14], "texture": "#0"},
				"down": {"uv": [14.0625, 12.25, 14, 12.4375], "texture": "#0"}
			}
		},
		{
			"from": [7.8991, -14.57891, 10.29158],
			"to": [8.0993, -12.57871, 11.39178],
			"rotation": {"angle": 0, "axis": "y", "origin": [7.9813, 1.25, 8.00005]},
			"faces": {
				"north": {"uv": [2.75, 13.5, 2.8125, 14], "texture": "#0"},
				"east": {"uv": [11.5, 2, 11.78125, 2.5], "texture": "#0"},
				"south": {"uv": [13.5, 3, 13.5625, 3.5], "texture": "#0"},
				"west": {"uv": [11.5, 2.5, 11.78125, 3], "texture": "#0"},
				"up": {"uv": [14.0625, 3.28125, 14, 3], "texture": "#0"},
				"down": {"uv": [3.3125, 14, 3.25, 14.28125], "texture": "#0"}
			}
		},
		{
			"from": [7.5992, -14.57881, 10.50884],
			"to": [8.3992, -12.57881, 11.10884],
			"rotation": {"angle": 0, "axis": "y", "origin": [7.9813, 1.25, 8.00005]},
			"faces": {
				"north": {"uv": [12.5, 1, 12.6875, 1.5], "texture": "#0"},
				"east": {"uv": [12, 12.5, 12.15625, 13], "texture": "#0"},
				"south": {"uv": [3.75, 12.5, 3.9375, 13], "texture": "#0"},
				"west": {"uv": [12.75, 3, 12.90625, 3.5], "texture": "#0"},
				"up": {"uv": [13.6875, 8.65625, 13.5, 8.5], "texture": "#0"},
				"down": {"uv": [8.9375, 13.5, 8.75, 13.65625], "texture": "#0"}
			}
		},
		{
			"from": [7.5991, -8.16952, 20.96585],
			"to": [8.3993, -7.74432, 21.39105],
			"rotation": {"angle": 45, "axis": "x", "origin": [7.9813, 1.25, 8.00005]},
			"faces": {
				"north": {"uv": [3.5, 14, 3.6875, 14.09375], "texture": "#0"},
				"east": {"uv": [0.5, 14.25, 0.59375, 14.34375], "texture": "#0"},
				"south": {"uv": [14, 3.5, 14.1875, 3.59375], "texture": "#0"},
				"west": {"uv": [14.25, 0.5, 14.34375, 0.59375], "texture": "#0"},
				"up": {"uv": [3.9375, 14.09375, 3.75, 14], "texture": "#0"},
				"down": {"uv": [14.1875, 3.75, 14, 3.84375], "texture": "#0"}
			}
		},
		{
			"from": [7.6, -14.57881, 4.82426],
			"to": [8.4, -12.57881, 5.42426],
			"rotation": {"angle": 0, "axis": "y", "origin": [7.9813, 1.25, 8.00005]},
			"faces": {
				"north": {"uv": [4, 12.5, 4.1875, 13], "texture": "#0"},
				"east": {"uv": [12.75, 3.5, 12.90625, 4], "texture": "#0"},
				"south": {"uv": [12.5, 4, 12.6875, 4.5], "texture": "#0"},
				"west": {"uv": [12.75, 4, 12.90625, 4.5], "texture": "#0"},
				"up": {"uv": [13.6875, 8.90625, 13.5, 8.75], "texture": "#0"},
				"down": {"uv": [13.6875, 9, 13.5, 9.15625], "texture": "#0"}
			}
		},
		{
			"from": [7.6, -1.3, 5.1],
			"to": [8.4, -0.7, 10.925],
			"rotation": {"angle": 0, "axis": "y", "origin": [7.9813, 1.25, 8.00005]},
			"faces": {
				"north": {"uv": [9.25, 13.5, 9.4375, 13.65625], "texture": "#0"},
				"east": {"uv": [10.75, 1, 12.21875, 1.15625], "texture": "#0"},
				"south": {"uv": [13.5, 9.25, 13.6875, 9.40625], "texture": "#0"},
				"west": {"uv": [10.75, 1.75, 12.21875, 1.90625], "texture": "#0"},
				"up": {"uv": [7.1875, 11.96875, 7, 10.5], "texture": "#0"},
				"down": {"uv": [7.4375, 10.5, 7.25, 11.96875], "texture": "#0"}
			}
		},
		{
			"from": [7.9, -8.39296, 1.73063],
			"to": [8.1, -5.39296, 2.73063],
			"rotation": {"angle": 0, "axis": "x", "origin": [7.9813, 1.25, 8.00005]},
			"faces": {
				"north": {"uv": [11.5, 13, 11.5625, 13.75], "texture": "#0"},
				"east": {"uv": [8.75, 10.5, 9, 11.25], "texture": "#0"},
				"south": {"uv": [13, 11.5, 13.0625, 12.25], "texture": "#0"},
				"west": {"uv": [11, 2, 11.25, 2.75], "texture": "#0"},
				"up": {"uv": [14.0625, 6.75, 14, 6.5], "texture": "#0"},
				"down": {"uv": [14.0625, 6.75, 14, 7], "texture": "#0"}
			}
		},
		{
			"from": [7.899, -8.26073, -1.48335],
			"to": [8.101, -5.25873, -0.48135],
			"rotation": {"angle": -22.5, "axis": "x", "origin": [7.9813, 1.25, 8.00005]},
			"faces": {
				"north": {"uv": [12, 13, 12.0625, 13.75], "texture": "#0"},
				"east": {"uv": [11, 2.75, 11.25, 3.5], "texture": "#0"},
				"south": {"uv": [13, 12.25, 13.0625, 13], "texture": "#0"},
				"west": {"uv": [3.25, 11, 3.5, 11.75], "texture": "#0"},
				"up": {"uv": [7.0625, 14.25, 7, 14], "texture": "#0"},
				"down": {"uv": [14.0625, 7, 14, 7.25], "texture": "#0"}
			}
		},
		{
			"from": [7.9, -6.90709, -4.39975],
			"to": [8.1, -3.90709, -3.39975],
			"rotation": {"angle": -45, "axis": "x", "origin": [7.9813, 1.25, 8.00005]},
			"faces": {
				"north": {"uv": [12.5, 13, 12.5625, 13.75], "texture": "#0"},
				"east": {"uv": [3.5, 11, 3.75, 11.75], "texture": "#0"},
				"south": {"uv": [12.75, 13, 12.8125, 13.75], "texture": "#0"},
				"west": {"uv": [11, 3.5, 11.25, 4.25], "texture": "#0"},
				"up": {"uv": [7.3125, 14.25, 7.25, 14], "texture": "#0"},
				"down": {"uv": [14.0625, 7.25, 14, 7.5], "texture": "#0"}
			}
		},
		{
			"from": [7.5251, -12.03377, 7.32747],
			"to": [8.4751, -11.43377, 7.92747],
			"rotation": {"angle": -22.5, "axis": "x", "origin": [7.9813, 1.25, 8.00005]},
			"faces": {
				"north": {"uv": [13.25, 10.5, 13.5, 10.65625], "texture": "#0"},
				"east": {"uv": [13.75, 7, 13.90625, 7.15625], "texture": "#0"},
				"south": {"uv": [13.25, 10.75, 13.5, 10.90625], "texture": "#0"},
				"west": {"uv": [7.25, 13.75, 7.40625, 13.90625], "texture": "#0"},
				"up": {"uv": [11.25, 13.40625, 11, 13.25], "texture": "#0"},
				"down": {"uv": [13.5, 11, 13.25, 11.15625], "texture": "#0"}
			}
		},
		{
			"from": [7.6501, -11.60877, 6.92747],
			"to": [8.3251, -11.00877, 7.52747],
			"rotation": {"angle": -22.5, "axis": "x", "origin": [7.9813, 1.25, 8.00005]},
			"faces": {
				"north": {"uv": [13.75, 7.25, 13.90625, 7.40625], "texture": "#0"},
				"east": {"uv": [13.75, 7.5, 13.90625, 7.65625], "texture": "#0"},
				"south": {"uv": [13.75, 7.75, 13.90625, 7.90625], "texture": "#0"},
				"west": {"uv": [8, 13.75, 8.15625, 13.90625], "texture": "#0"},
				"up": {"uv": [13.90625, 8.15625, 13.75, 8], "texture": "#0"},
				"down": {"uv": [8.40625, 13.75, 8.25, 13.90625], "texture": "#0"}
			}
		},
		{
			"from": [7.6251, -11.73377, 7.02747],
			"to": [8.3751, -11.13377, 7.62747],
			"rotation": {"angle": -22.5, "axis": "x", "origin": [7.9813, 1.25, 8.00005]},
			"faces": {
				"north": {"uv": [9.5, 13.5, 9.6875, 13.65625], "texture": "#0"},
				"east": {"uv": [13.75, 8.25, 13.90625, 8.40625], "texture": "#0"},
				"south": {"uv": [13.5, 9.5, 13.6875, 9.65625], "texture": "#0"},
				"west": {"uv": [8.5, 13.75, 8.65625, 13.90625], "texture": "#0"},
				"up": {"uv": [9.9375, 13.65625, 9.75, 13.5], "texture": "#0"},
				"down": {"uv": [13.6875, 9.75, 13.5, 9.90625], "texture": "#0"}
			}
		},
		{
			"from": [7.6501, -12.45877, 7.72747],
			"to": [8.3251, -11.85877, 8.32747],
			"rotation": {"angle": -22.5, "axis": "x", "origin": [7.9813, 1.25, 8.00005]},
			"faces": {
				"north": {"uv": [13.75, 8.5, 13.90625, 8.65625], "texture": "#0"},
				"east": {"uv": [8.75, 13.75, 8.90625, 13.90625], "texture": "#0"},
				"south": {"uv": [13.75, 8.75, 13.90625, 8.90625], "texture": "#0"},
				"west": {"uv": [9, 13.75, 9.15625, 13.90625], "texture": "#0"},
				"up": {"uv": [13.90625, 9.15625, 13.75, 9], "texture": "#0"},
				"down": {"uv": [9.40625, 13.75, 9.25, 13.90625], "texture": "#0"}
			}
		},
		{
			"from": [7.6251, -12.33377, 7.62747],
			"to": [8.3751, -11.73377, 8.22747],
			"rotation": {"angle": -22.5, "axis": "x", "origin": [7.9813, 1.25, 8.00005]},
			"faces": {
				"north": {"uv": [10, 13.5, 10.1875, 13.65625], "texture": "#0"},
				"east": {"uv": [13.75, 9.25, 13.90625, 9.40625], "texture": "#0"},
				"south": {"uv": [13.5, 10, 13.6875, 10.15625], "texture": "#0"},
				"west": {"uv": [9.5, 13.75, 9.65625, 13.90625], "texture": "#0"},
				"up": {"uv": [10.4375, 13.65625, 10.25, 13.5], "texture": "#0"},
				"down": {"uv": [13.6875, 10.25, 13.5, 10.40625], "texture": "#0"}
			}
		},
		{
			"from": [7.6, -6.78213, 19.59969],
			"to": [8.4002, -3.93193, 20.19989],
			"rotation": {"angle": 45, "axis": "x", "origin": [7.9813, 1.25, 8.00005]},
			"faces": {
				"north": {"uv": [11.75, 0, 11.9375, 0.71875], "texture": "#0"},
				"east": {"uv": [8.5, 12, 8.65625, 12.71875], "texture": "#0"},
				"south": {"uv": [11.75, 3, 11.9375, 3.71875], "texture": "#0"},
				"west": {"uv": [12, 8.5, 12.15625, 9.21875], "texture": "#0"},
				"up": {"uv": [10.6875, 13.65625, 10.5, 13.5], "texture": "#0"},
				"down": {"uv": [13.6875, 10.5, 13.5, 10.65625], "texture": "#0"}
			}
		},
		{
			"from": [7.6, -8.20973, 16.68231],
			"to": [8.4002, -5.30953, 17.28251],
			"rotation": {"angle": 22.5, "axis": "x", "origin": [7.9813, 1.25, 8.00005]},
			"faces": {
				"north": {"uv": [3.25, 11.75, 3.4375, 12.46875], "texture": "#0"},
				"east": {"uv": [8.75, 12, 8.90625, 12.71875], "texture": "#0"},
				"south": {"uv": [3.5, 11.75, 3.6875, 12.46875], "texture": "#0"},
				"west": {"uv": [12, 11.75, 12.15625, 12.46875], "texture": "#0"},
				"up": {"uv": [10.9375, 13.65625, 10.75, 13.5], "texture": "#0"},
				"down": {"uv": [13.6875, 10.75, 13.5, 10.90625], "texture": "#0"}
			}
		},
		{
			"from": [7.8991, -6.90803, 19.39879],
			"to": [8.1011, -3.90603, 20.40079],
			"rotation": {"angle": 45, "axis": "x", "origin": [7.9813, 1.25, 8.00005]},
			"faces": {
				"north": {"uv": [13, 13, 13.0625, 13.75], "texture": "#0"},
				"east": {"uv": [3.75, 11, 4, 11.75], "texture": "#0"},
				"south": {"uv": [13.25, 0, 13.3125, 0.75], "texture": "#0"},
				"west": {"uv": [4, 11, 4.25, 11.75], "texture": "#0"},
				"up": {"uv": [7.5625, 14.25, 7.5, 14], "texture": "#0"},
				"down": {"uv": [14.0625, 7.5, 14, 7.75], "texture": "#0"}
			}
		},
		{
			"from": [7.9001, -8.25963, 16.48241],
			"to": [8.1001, -5.25963, 17.48241],
			"rotation": {"angle": 22.5, "axis": "x", "origin": [7.9813, 1.25, 8.00005]},
			"faces": {
				"north": {"uv": [13.25, 0.75, 13.3125, 1.5], "texture": "#0"},
				"east": {"uv": [4.25, 11, 4.5, 11.75], "texture": "#0"},
				"south": {"uv": [13.25, 1.5, 13.3125, 2.25], "texture": "#0"},
				"west": {"uv": [11, 4.25, 11.25, 5], "texture": "#0"},
				"up": {"uv": [7.8125, 14.25, 7.75, 14], "texture": "#0"},
				"down": {"uv": [14.0625, 7.75, 14, 8], "texture": "#0"}
			}
		},
		{
			"from": [7.8001, 1.17358, 19.43939],
			"to": [8.2001, 1.69858, 19.96439],
			"rotation": {"angle": 45, "axis": "x", "origin": [7.9813, 1.25, 8.00005]},
			"faces": {
				"north": {"uv": [12.5, 14, 12.59375, 14.125], "texture": "#0"},
				"east": {"uv": [8, 14, 8.125, 14.125], "texture": "#0"},
				"south": {"uv": [14, 12.5, 14.09375, 12.625], "texture": "#0"},
				"west": {"uv": [14, 8, 14.125, 8.125], "texture": "#0"},
				"up": {"uv": [12.84375, 14.125, 12.75, 14], "texture": "#0"},
				"down": {"uv": [14.09375, 12.75, 14, 12.875], "texture": "#0"}
			}
		},
		{
			"from": [7.7251, -9.82802, 9.90144],
			"to": [8.2751, -9.07802, 12.50144],
			"rotation": {"angle": -22.5, "axis": "x", "origin": [7.9813, 1.25, 8.00005]},
			"faces": {
				"north": {"uv": [1, 14, 1.125, 14.1875], "texture": "#0"},
				"east": {"uv": [12, 3, 12.65625, 3.1875], "texture": "#0"},
				"south": {"uv": [14, 1, 14.125, 1.1875], "texture": "#0"},
				"west": {"uv": [12, 3.25, 12.65625, 3.4375], "texture": "#0"},
				"up": {"uv": [12.625, 11.65625, 12.5, 11], "texture": "#0"},
				"down": {"uv": [12.625, 11.75, 12.5, 12.40625], "texture": "#0"}
			}
		},
		{
			"from": [7.8001, -3.46801, 16.13372],
			"to": [8.2001, -2.71801, 18.73372],
			"rotation": {"angle": 22.5, "axis": "x", "origin": [7.9813, 1.25, 8.00005]},
			"faces": {
				"north": {"uv": [4, 14, 4.09375, 14.1875], "texture": "#0"},
				"east": {"uv": [12, 3.5, 12.65625, 3.6875], "texture": "#0"},
				"south": {"uv": [14, 4, 14.09375, 4.1875], "texture": "#0"},
				"west": {"uv": [12, 3.75, 12.65625, 3.9375], "texture": "#0"},
				"up": {"uv": [13.09375, 4.65625, 13, 4], "texture": "#0"},
				"down": {"uv": [13.09375, 4.75, 13, 5.40625], "texture": "#0"}
			}
		},
		{
			"from": [7.6751, 0.1374, 18.40174],
			"to": [8.3251, 0.9874, 19.25174],
			"rotation": {"angle": 45, "axis": "x", "origin": [7.9813, 1.25, 8.00005]},
			"faces": {
				"north": {"uv": [2, 13.5, 2.15625, 13.71875], "texture": "#0"},
				"east": {"uv": [11.25, 13, 11.46875, 13.21875], "texture": "#0"},
				"south": {"uv": [13.5, 2, 13.65625, 2.21875], "texture": "#0"},
				"west": {"uv": [13, 11.25, 13.21875, 11.46875], "texture": "#0"},
				"up": {"uv": [13.65625, 2.46875, 13.5, 2.25], "texture": "#0"},
				"down": {"uv": [2.65625, 13.5, 2.5, 13.71875], "texture": "#0"}
			}
		},
		{
			"from": [7.5251, -3.2745, 12.37582],
			"to": [8.4751, -2.6745, 12.97582],
			"rotation": {"angle": 0, "axis": "x", "origin": [7.9813, 1.25, 8.00005]},
			"faces": {
				"north": {"uv": [11.25, 13.25, 11.5, 13.40625], "texture": "#0"},
				"east": {"uv": [13.75, 9.5, 13.90625, 9.65625], "texture": "#0"},
				"south": {"uv": [13.25, 11.25, 13.5, 11.40625], "texture": "#0"},
				"west": {"uv": [9.75, 13.75, 9.90625, 13.90625], "texture": "#0"},
				"up": {"uv": [13.5, 11.65625, 13.25, 11.5], "texture": "#0"},
				"down": {"uv": [12, 13.25, 11.75, 13.40625], "texture": "#0"}
			}
		},
		{
			"from": [7.6501, -3.6745, 11.95082],
			"to": [8.3251, -3.0745, 12.55082],
			"rotation": {"angle": 0, "axis": "x", "origin": [7.9813, 1.25, 8.00005]},
			"faces": {
				"north": {"uv": [13.75, 9.75, 13.90625, 9.90625], "texture": "#0"},
				"east": {"uv": [10, 13.75, 10.15625, 13.90625], "texture": "#0"},
				"south": {"uv": [13.75, 10, 13.90625, 10.15625], "texture": "#0"},
				"west": {"uv": [10.25, 13.75, 10.40625, 13.90625], "texture": "#0"},
				"up": {"uv": [13.90625, 10.40625, 13.75, 10.25], "texture": "#0"},
				"down": {"uv": [10.65625, 13.75, 10.5, 13.90625], "texture": "#0"}
			}
		},
		{
			"from": [7.6251, -3.5745, 12.07582],
			"to": [8.3751, -2.9745, 12.67582],
			"rotation": {"angle": 0, "axis": "x", "origin": [7.9813, 1.25, 8.00005]},
			"faces": {
				"north": {"uv": [11, 13.5, 11.1875, 13.65625], "texture": "#0"},
				"east": {"uv": [13.75, 10.5, 13.90625, 10.65625], "texture": "#0"},
				"south": {"uv": [13.5, 11, 13.6875, 11.15625], "texture": "#0"},
				"west": {"uv": [10.75, 13.75, 10.90625, 13.90625], "texture": "#0"},
				"up": {"uv": [11.4375, 13.65625, 11.25, 13.5], "texture": "#0"},
				"down": {"uv": [13.6875, 11.25, 13.5, 11.40625], "texture": "#0"}
			}
		},
		{
			"from": [7.6501, -2.8745, 12.80082],
			"to": [8.3251, -2.2745, 13.40082],
			"rotation": {"angle": 0, "axis": "x", "origin": [7.9813, 1.25, 8.00005]},
			"faces": {
				"north": {"uv": [13.75, 10.75, 13.90625, 10.90625], "texture": "#0"},
				"east": {"uv": [11, 13.75, 11.15625, 13.90625], "texture": "#0"},
				"south": {"uv": [13.75, 11, 13.90625, 11.15625], "texture": "#0"},
				"west": {"uv": [11.25, 13.75, 11.40625, 13.90625], "texture": "#0"},
				"up": {"uv": [13.90625, 11.40625, 13.75, 11.25], "texture": "#0"},
				"down": {"uv": [11.65625, 13.75, 11.5, 13.90625], "texture": "#0"}
			}
		},
		{
			"from": [7.6251, -2.9745, 12.67582],
			"to": [8.3751, -2.3745, 13.27582],
			"rotation": {"angle": 0, "axis": "x", "origin": [7.9813, 1.25, 8.00005]},
			"faces": {
				"north": {"uv": [13.5, 11.5, 13.6875, 11.65625], "texture": "#0"},
				"east": {"uv": [13.75, 11.5, 13.90625, 11.65625], "texture": "#0"},
				"south": {"uv": [11.75, 13.5, 11.9375, 13.65625], "texture": "#0"},
				"west": {"uv": [11.75, 13.75, 11.90625, 13.90625], "texture": "#0"},
				"up": {"uv": [13.6875, 11.90625, 13.5, 11.75], "texture": "#0"},
				"down": {"uv": [13.6875, 12, 13.5, 12.15625], "texture": "#0"}
			}
		},
		{
			"from": [7.7001, 1.19858, 19.46439],
			"to": [8.3001, 1.62358, 19.88939],
			"rotation": {"angle": 45, "axis": "x", "origin": [7.9813, 1.25, 8.00005]},
			"faces": {
				"north": {"uv": [10.25, 14, 10.40625, 14.09375], "texture": "#0"},
				"east": {"uv": [0.75, 14.25, 0.84375, 14.34375], "texture": "#0"},
				"south": {"uv": [14, 10.25, 14.15625, 10.34375], "texture": "#0"},
				"west": {"uv": [14.25, 0.75, 14.34375, 0.84375], "texture": "#0"},
				"up": {"uv": [10.65625, 14.09375, 10.5, 14], "texture": "#0"},
				"down": {"uv": [14.15625, 10.5, 14, 10.59375], "texture": "#0"}
			}
		},
		{
			"from": [7.675, -7.49296, 13.56937],
			"to": [8.3252, -6.29276, 15.16957],
			"rotation": {"angle": 0, "axis": "x", "origin": [7.9813, 1.25, 8.00005]},
			"faces": {
				"north": {"uv": [13, 10.5, 13.15625, 10.8125], "texture": "#0"},
				"east": {"uv": [11.75, 11.25, 12.15625, 11.5625], "texture": "#0"},
				"south": {"uv": [10.75, 13, 10.90625, 13.3125], "texture": "#0"},
				"west": {"uv": [11.5, 11.75, 11.90625, 12.0625], "texture": "#0"},
				"up": {"uv": [12.90625, 11.65625, 12.75, 11.25], "texture": "#0"},
				"down": {"uv": [12.90625, 11.75, 12.75, 12.15625], "texture": "#0"}
			}
		},
		{
			"from": [7.7001, -9.75302, 9.90144],
			"to": [8.3001, -9.15302, 12.50144],
			"rotation": {"angle": -22.5, "axis": "x", "origin": [7.9813, 1.25, 8.00005]},
			"faces": {
				"north": {"uv": [13.75, 11.75, 13.90625, 11.90625], "texture": "#0"},
				"east": {"uv": [12.25, 9, 12.90625, 9.15625], "texture": "#0"},
				"south": {"uv": [12, 13.75, 12.15625, 13.90625], "texture": "#0"},
				"west": {"uv": [12.25, 9.75, 12.90625, 9.90625], "texture": "#0"},
				"up": {"uv": [9.40625, 12.90625, 9.25, 12.25], "texture": "#0"},
				"down": {"uv": [9.65625, 12.25, 9.5, 12.90625], "texture": "#0"}
			}
		},
		{
			"from": [7.7001, -3.39301, 16.13372],
			"to": [8.3001, -2.79301, 18.73372],
			"rotation": {"angle": 22.5, "axis": "x", "origin": [7.9813, 1.25, 8.00005]},
			"faces": {
				"north": {"uv": [13.75, 12, 13.90625, 12.15625], "texture": "#0"},
				"east": {"uv": [10, 12.25, 10.65625, 12.40625], "texture": "#0"},
				"south": {"uv": [12.25, 13.75, 12.40625, 13.90625], "texture": "#0"},
				"west": {"uv": [12.25, 10, 12.90625, 10.15625], "texture": "#0"},
				"up": {"uv": [12.40625, 10.90625, 12.25, 10.25], "texture": "#0"},
				"down": {"uv": [10.90625, 12.25, 10.75, 12.90625], "texture": "#0"}
			}
		},
		{
			"from": [7.6501, -7.19286, 13.66947],
			"to": [8.3501, -6.59286, 16.36947],
			"rotation": {"angle": 0, "axis": "x", "origin": [7.9813, 1.25, 8.00005]},
			"faces": {
				"north": {"uv": [12.25, 13.5, 12.4375, 13.65625], "texture": "#0"},
				"east": {"uv": [12, 9.25, 12.71875, 9.40625], "texture": "#0"},
				"south": {"uv": [13.5, 12.25, 13.6875, 12.40625], "texture": "#0"},
				"west": {"uv": [12, 9.5, 12.71875, 9.65625], "texture": "#0"},
				"up": {"uv": [3.9375, 12.46875, 3.75, 11.75], "texture": "#0"},
				"down": {"uv": [11.9375, 3.75, 11.75, 4.46875], "texture": "#0"}
			}
		},
		{
			"from": [7.6001, -8.36786, 13.46947],
			"to": [8.4001, -5.41786, 14.06947],
			"rotation": {"angle": 0, "axis": "x", "origin": [7.9813, 1.25, 8.00005]},
			"faces": {
				"north": {"uv": [11.5, 3, 11.6875, 3.75], "texture": "#0"},
				"east": {"uv": [12, 6.75, 12.15625, 7.5], "texture": "#0"},
				"south": {"uv": [7.5, 11.5, 7.6875, 12.25], "texture": "#0"},
				"west": {"uv": [7, 12, 7.15625, 12.75], "texture": "#0"},
				"up": {"uv": [13.6875, 12.65625, 13.5, 12.5], "texture": "#0"},
				"down": {"uv": [13.6875, 12.75, 13.5, 12.90625], "texture": "#0"}
			}
		},
		{
			"from": [7.6, -7.2365, 10.45003],
			"to": [8.4002, -4.3113, 11.05023],
			"rotation": {"angle": -22.5, "axis": "x", "origin": [7.9813, 1.25, 8.00005]},
			"faces": {
				"north": {"uv": [4, 11.75, 4.1875, 12.46875], "texture": "#0"},
				"east": {"uv": [12.25, 0, 12.40625, 0.71875], "texture": "#0"},
				"south": {"uv": [4.25, 11.75, 4.4375, 12.46875], "texture": "#0"},
				"west": {"uv": [12.25, 0.75, 12.40625, 1.46875], "texture": "#0"},
				"up": {"uv": [13.6875, 13.15625, 13.5, 13], "texture": "#0"},
				"down": {"uv": [13.4375, 13.5, 13.25, 13.65625], "texture": "#0"}
			}
		},
		{
			"from": [7.6, 1.33388, 11.45868],
			"to": [8.4002, 1.93408, 14.30888],
			"rotation": {"angle": 45, "axis": "x", "origin": [7.9813, 1.25, 8.00005]},
			"faces": {
				"north": {"uv": [13.5, 13.25, 13.6875, 13.40625], "texture": "#0"},
				"east": {"uv": [12.25, 1.5, 12.96875, 1.65625], "texture": "#0"},
				"south": {"uv": [13.5, 13.5, 13.6875, 13.65625], "texture": "#0"},
				"west": {"uv": [12.25, 1.75, 12.96875, 1.90625], "texture": "#0"},
				"up": {"uv": [11.9375, 5.21875, 11.75, 4.5], "texture": "#0"},
				"down": {"uv": [11.9375, 5.25, 11.75, 5.96875], "texture": "#0"}
			}
		},
		{
			"from": [7.9001, -8.39286, 13.26947],
			"to": [8.1001, -5.39286, 14.26947],
			"rotation": {"angle": 0, "axis": "x", "origin": [7.9813, 1.25, 8.00005]},
			"faces": {
				"north": {"uv": [2.25, 13.25, 2.3125, 14], "texture": "#0"},
				"east": {"uv": [11, 5, 11.25, 5.75], "texture": "#0"},
				"south": {"uv": [13.25, 2.25, 13.3125, 3], "texture": "#0"},
				"west": {"uv": [11, 5.75, 11.25, 6.5], "texture": "#0"},
				"up": {"uv": [8.3125, 14.25, 8.25, 14], "texture": "#0"},
				"down": {"uv": [14.0625, 8.25, 14, 8.5], "texture": "#0"}
			}
		},
		{
			"from": [7.8991, -7.2874, 10.24913],
			"to": [8.1011, -4.2854, 11.25113],
			"rotation": {"angle": -22.5, "axis": "x", "origin": [7.9813, 1.25, 8.00005]},
			"faces": {
				"north": {"uv": [13.25, 3, 13.3125, 3.75], "texture": "#0"},
				"east": {"uv": [9.75, 11, 10, 11.75], "texture": "#0"},
				"south": {"uv": [13.25, 3.75, 13.3125, 4.5], "texture": "#0"},
				"west": {"uv": [10, 11, 10.25, 11.75], "texture": "#0"},
				"up": {"uv": [8.5625, 14.25, 8.5, 14], "texture": "#0"},
				"down": {"uv": [14.0625, 8.5, 14, 8.75], "texture": "#0"}
			}
		},
		{
			"from": [7.9001, 1.13398, 11.35878],
			"to": [8.1001, 2.13398, 14.35878],
			"rotation": {"angle": 45, "axis": "x", "origin": [7.9813, 1.25, 8.00005]},
			"faces": {
				"north": {"uv": [8.75, 14, 8.8125, 14.25], "texture": "#0"},
				"east": {"uv": [11, 6.5, 11.75, 6.75], "texture": "#0"},
				"south": {"uv": [14, 8.75, 14.0625, 9], "texture": "#0"},
				"west": {"uv": [10.5, 11, 11.25, 11.25], "texture": "#0"},
				"up": {"uv": [4.3125, 14, 4.25, 13.25], "texture": "#0"},
				"down": {"uv": [4.5625, 13.25, 4.5, 14], "texture": "#0"}
			}
		},
		{
			"from": [7.525, -1.11237, 1.84031],
			"to": [8.475, -0.51237, 2.44031],
			"rotation": {"angle": -22.5, "axis": "x", "origin": [7.9813, 1.25, 8.00005]},
			"faces": {
				"north": {"uv": [13.25, 11.75, 13.5, 11.90625], "texture": "#0"},
				"east": {"uv": [13.75, 12.25, 13.90625, 12.40625], "texture": "#0"},
				"south": {"uv": [13.25, 12, 13.5, 12.15625], "texture": "#0"},
				"west": {"uv": [12.5, 13.75, 12.65625, 13.90625], "texture": "#0"},
				"up": {"uv": [12.5, 13.40625, 12.25, 13.25], "texture": "#0"},
				"down": {"uv": [13.5, 12.25, 13.25, 12.40625], "texture": "#0"}
			}
		},
		{
			"from": [7.65, -1.53737, 2.24031],
			"to": [8.325, -0.93737, 2.84031],
			"rotation": {"angle": -22.5, "axis": "x", "origin": [7.9813, 1.25, 8.00005]},
			"faces": {
				"north": {"uv": [13.75, 12.5, 13.90625, 12.65625], "texture": "#0"},
				"east": {"uv": [12.75, 13.75, 12.90625, 13.90625], "texture": "#0"},
				"south": {"uv": [13.75, 12.75, 13.90625, 12.90625], "texture": "#0"},
				"west": {"uv": [13, 13.75, 13.15625, 13.90625], "texture": "#0"},
				"up": {"uv": [13.90625, 13.15625, 13.75, 13], "texture": "#0"},
				"down": {"uv": [13.40625, 13.75, 13.25, 13.90625], "texture": "#0"}
			}
		},
		{
			"from": [7.625, -1.41237, 2.14031],
			"to": [8.375, -0.81237, 2.74031],
			"rotation": {"angle": -22.5, "axis": "x", "origin": [7.9813, 1.25, 8.00005]},
			"faces": {
				"north": {"uv": [13.75, 0, 13.9375, 0.15625], "texture": "#0"},
				"east": {"uv": [13.75, 13.25, 13.90625, 13.40625], "texture": "#0"},
				"south": {"uv": [13.75, 0.25, 13.9375, 0.40625], "texture": "#0"},
				"west": {"uv": [13.5, 13.75, 13.65625, 13.90625], "texture": "#0"},
				"up": {"uv": [13.9375, 0.65625, 13.75, 0.5], "texture": "#0"},
				"down": {"uv": [13.9375, 0.75, 13.75, 0.90625], "texture": "#0"}
			}
		},
		{
			"from": [7.65, -0.68737, 1.44031],
			"to": [8.325, -0.08737, 2.04031],
			"rotation": {"angle": -22.5, "axis": "x", "origin": [7.9813, 1.25, 8.00005]},
			"faces": {
				"north": {"uv": [13.75, 13.5, 13.90625, 13.65625], "texture": "#0"},
				"east": {"uv": [13.75, 13.75, 13.90625, 13.90625], "texture": "#0"},
				"south": {"uv": [0, 14, 0.15625, 14.15625], "texture": "#0"},
				"west": {"uv": [14, 0, 14.15625, 0.15625], "texture": "#0"},
				"up": {"uv": [0.40625, 14.15625, 0.25, 14], "texture": "#0"},
				"down": {"uv": [14.15625, 0.25, 14, 0.40625], "texture": "#0"}
			}
		},
		{
			"from": [7.625, -0.81237, 1.54031],
			"to": [8.375, -0.21237, 2.14031],
			"rotation": {"angle": -22.5, "axis": "x", "origin": [7.9813, 1.25, 8.00005]},
			"faces": {
				"north": {"uv": [1, 13.75, 1.1875, 13.90625], "texture": "#0"},
				"east": {"uv": [0.5, 14, 0.65625, 14.15625], "texture": "#0"},
				"south": {"uv": [13.75, 1, 13.9375, 1.15625], "texture": "#0"},
				"west": {"uv": [14, 0.5, 14.15625, 0.65625], "texture": "#0"},
				"up": {"uv": [1.4375, 13.90625, 1.25, 13.75], "texture": "#0"},
				"down": {"uv": [13.9375, 1.25, 13.75, 1.40625], "texture": "#0"}
			}
		},
		{
			"from": [7.5999, -5.0839, 7.31603],
			"to": [8.4001, -2.1587, 7.91623],
			"rotation": {"angle": 45, "axis": "x", "origin": [7.9813, 1.25, 8.00005]},
			"faces": {
				"north": {"uv": [11.75, 6, 11.9375, 6.71875], "texture": "#0"},
				"east": {"uv": [2.5, 12.25, 2.65625, 12.96875], "texture": "#0"},
				"south": {"uv": [11.75, 6.75, 11.9375, 7.46875], "texture": "#0"},
				"west": {"uv": [2.75, 12.25, 2.90625, 12.96875], "texture": "#0"},
				"up": {"uv": [1.6875, 13.90625, 1.5, 13.75], "texture": "#0"},
				"down": {"uv": [13.9375, 1.5, 13.75, 1.65625], "texture": "#0"}
			}
		},
		{
			"from": [7.5999, -7.2366, 4.94991],
			"to": [8.4001, -4.3364, 5.55011],
			"rotation": {"angle": 22.5, "axis": "x", "origin": [7.9813, 1.25, 8.00005]},
			"faces": {
				"north": {"uv": [11.75, 7.5, 11.9375, 8.21875], "texture": "#0"},
				"east": {"uv": [3, 12.25, 3.15625, 12.96875], "texture": "#0"},
				"south": {"uv": [11.75, 8.25, 11.9375, 8.96875], "texture": "#0"},
				"west": {"uv": [12.25, 4, 12.40625, 4.71875], "texture": "#0"},
				"up": {"uv": [1.9375, 13.90625, 1.75, 13.75], "texture": "#0"},
				"down": {"uv": [13.9375, 1.75, 13.75, 1.90625], "texture": "#0"}
			}
		},
		{
			"from": [7.899, -5.1098, 7.11513],
			"to": [8.101, -2.1078, 8.11713],
			"rotation": {"angle": 45, "axis": "x", "origin": [7.9813, 1.25, 8.00005]},
			"faces": {
				"north": {"uv": [13.25, 4.5, 13.3125, 5.25], "texture": "#0"},
				"east": {"uv": [11.25, 0, 11.5, 0.75], "texture": "#0"},
				"south": {"uv": [4.75, 13.25, 4.8125, 14], "texture": "#0"},
				"west": {"uv": [2, 11.25, 2.25, 12], "texture": "#0"},
				"up": {"uv": [9.0625, 14.25, 9, 14], "texture": "#0"},
				"down": {"uv": [14.0625, 9, 14, 9.25], "texture": "#0"}
			}
		},
		{
			"from": [7.8999, -7.2866, 4.74991],
			"to": [8.1001, -4.2864, 5.75011],
			"rotation": {"angle": 22.5, "axis": "x", "origin": [7.9813, 1.25, 8.00005]},
			"faces": {
				"north": {"uv": [5.5, 13.25, 5.5625, 14], "texture": "#0"},
				"east": {"uv": [11.25, 2, 11.5, 2.75], "texture": "#0"},
				"south": {"uv": [5.75, 13.25, 5.8125, 14], "texture": "#0"},
				"west": {"uv": [2.25, 11.25, 2.5, 12], "texture": "#0"},
				"up": {"uv": [9.3125, 14.25, 9.25, 14], "texture": "#0"},
				"down": {"uv": [14.0625, 9.25, 14, 9.5], "texture": "#0"}
			}
		},
		{
			"from": [7.8999, -14.57891, 4.60701],
			"to": [8.1001, -12.57871, 5.70721],
			"rotation": {"angle": 0, "axis": "x", "origin": [7.9813, 1.25, 8.00005]},
			"faces": {
				"north": {"uv": [13.5, 3.5, 13.5625, 4], "texture": "#0"},
				"east": {"uv": [7.75, 11.5, 8.03125, 12], "texture": "#0"},
				"south": {"uv": [13.5, 4, 13.5625, 4.5], "texture": "#0"},
				"west": {"uv": [8.25, 11.5, 8.53125, 12], "texture": "#0"},
				"up": {"uv": [4.3125, 14.28125, 4.25, 14], "texture": "#0"},
				"down": {"uv": [14.0625, 4.25, 14, 4.53125], "texture": "#0"}
			}
		},
		{
			"from": [7.9, -12.33901, 16.79635],
			"to": [8.1, -11.56401, 17.57135],
			"rotation": {"angle": 45, "axis": "x", "origin": [7.9813, 1.25, 8.00005]},
			"faces": {
				"north": {"uv": [13, 14, 13.0625, 14.1875], "texture": "#0"},
				"east": {"uv": [13.25, 13, 13.4375, 13.1875], "texture": "#0"},
				"south": {"uv": [14, 13, 14.0625, 13.1875], "texture": "#0"},
				"west": {"uv": [13.25, 13.25, 13.4375, 13.4375], "texture": "#0"},
				"up": {"uv": [13.3125, 14.1875, 13.25, 14], "texture": "#0"},
				"down": {"uv": [14.0625, 13.25, 14, 13.4375], "texture": "#0"}
			}
		},
		{
			"from": [7.425, -10.994, -3.34402],
			"to": [8.575, -10.694, -2.44402],
			"rotation": {"angle": -45, "axis": "x", "origin": [7.9813, 1.25, 8.00005]},
			"faces": {
				"north": {"uv": [4.5, 14, 4.78125, 14.0625], "texture": "#0"},
				"east": {"uv": [10.75, 14, 10.96875, 14.0625], "texture": "#0"},
				"south": {"uv": [14, 4.75, 14.28125, 4.8125], "texture": "#0"},
				"west": {"uv": [14, 10.75, 14.21875, 10.8125], "texture": "#0"},
				"up": {"uv": [13.28125, 5.71875, 13, 5.5], "texture": "#0"},
				"down": {"uv": [13.28125, 5.75, 13, 5.96875], "texture": "#0"}
			}
		},
		{
			"from": [7.625, -11.044, -3.34402],
			"to": [8.375, -10.994, -2.64402],
			"rotation": {"angle": -45, "axis": "x", "origin": [7.9813, 1.25, 8.00005]},
			"faces": {
				"north": {"uv": [14.25, 1.75, 14.4375, 1.78125], "texture": "#0"},
				"east": {"uv": [2, 14.25, 2.1875, 14.28125], "texture": "#0"},
				"south": {"uv": [14.25, 2, 14.4375, 2.03125], "texture": "#0"},
				"west": {"uv": [2.25, 14.25, 2.4375, 14.28125], "texture": "#0"},
				"up": {"uv": [13.6875, 0.6875, 13.5, 0.5], "texture": "#0"},
				"down": {"uv": [13.6875, 0.75, 13.5, 0.9375], "texture": "#0"}
			}
		},
		{
			"from": [7.425, -11.094, -4.34402],
			"to": [8.575, -10.094, -3.34402],
			"rotation": {"angle": -45, "axis": "x", "origin": [7.9813, 1.25, 8.00005]},
			"faces": {
				"north": {"uv": [7, 12.75, 7.28125, 13], "texture": "#0"},
				"east": {"uv": [12.75, 9.5, 13, 9.75], "texture": "#0"},
				"south": {"uv": [12.75, 7.25, 13.03125, 7.5], "texture": "#0"},
				"west": {"uv": [12.75, 12.25, 13, 12.5], "texture": "#0"},
				"up": {"uv": [13.03125, 7.75, 12.75, 7.5], "texture": "#0"},
				"down": {"uv": [13.03125, 7.75, 12.75, 8], "texture": "#0"}
			}
		},
		{
			"from": [7.325, -10.994, -4.24402],
			"to": [8.675, -10.194, -3.44402],
			"rotation": {"angle": -45, "axis": "x", "origin": [7.9813, 1.25, 8.00005]},
			"faces": {
				"north": {"uv": [12.75, 8, 13.09375, 8.1875], "texture": "#0"},
				"east": {"uv": [13.5, 0, 13.6875, 0.1875], "texture": "#0"},
				"south": {"uv": [12.75, 8.25, 13.09375, 8.4375], "texture": "#0"},
				"west": {"uv": [13.5, 0.25, 13.6875, 0.4375], "texture": "#0"},
				"up": {"uv": [8.84375, 12.9375, 8.5, 12.75], "texture": "#0"},
				"down": {"uv": [13.09375, 9.25, 12.75, 9.4375], "texture": "#0"}
			}
		},
		{
			"from": [7.425, -10.094, -4.24402],
			"to": [8.575, -9.194, -3.94402],
			"rotation": {"angle": -45, "axis": "x", "origin": [7.9813, 1.25, 8.00005]},
			"faces": {
				"north": {"uv": [13, 6, 13.28125, 6.21875], "texture": "#0"},
				"east": {"uv": [11, 14, 11.0625, 14.21875], "texture": "#0"},
				"south": {"uv": [13, 6.25, 13.28125, 6.46875], "texture": "#0"},
				"west": {"uv": [14, 11, 14.0625, 11.21875], "texture": "#0"},
				"up": {"uv": [5.28125, 14.0625, 5, 14], "texture": "#0"},
				"down": {"uv": [14.28125, 5, 14, 5.0625], "texture": "#0"}
			}
		},
		{
			"from": [7.525, -10.094, -4.29402],
			"to": [8.4, -9.394, -4.24402],
			"rotation": {"angle": -45, "axis": "x", "origin": [7.9813, 1.25, 8.00005]},
			"faces": {
				"north": {"uv": [13.25, 5.25, 13.46875, 5.4375], "texture": "#0"},
				"east": {"uv": [14.25, 2.25, 14.28125, 2.4375], "texture": "#0"},
				"south": {"uv": [9.25, 13.25, 9.46875, 13.4375], "texture": "#0"},
				"west": {"uv": [2.5, 14.25, 2.53125, 14.4375], "texture": "#0"},
				"up": {"uv": [14.46875, 1.53125, 14.25, 1.5], "texture": "#0"},
				"down": {"uv": [1.96875, 14.25, 1.75, 14.28125], "texture": "#0"}
			}
		},
		{
			"from": [7.425, 0.26529, 7.01527],
			"to": [8.575, 6.26529, 13.01527],
			"rotation": {"angle": -45, "axis": "x", "origin": [7.9813, 1.25, 8.00005]},
			"faces": {
				"north": {"uv": [7, 9, 7.3125, 10.5], "texture": "#0"},
				"east": {"uv": [2, 7, 3.5, 8.5], "texture": "#0"},
				"south": {"uv": [9.25, 3, 9.5625, 4.5], "texture": "#0"},
				"west": {"uv": [3.5, 7, 5, 8.5], "texture": "#0"},
				"up": {"uv": [9.5625, 6, 9.25, 4.5], "texture": "#0"},
				"down": {"uv": [9.5625, 6, 9.25, 7.5], "texture": "#0"}
			}
		},
		{
			"from": [7.575, -1.73471, 10.01527],
			"to": [8.425, 6.26529, 13.21527],
			"rotation": {"angle": -45, "axis": "x", "origin": [7.9813, 1.25, 8.00005]},
			"faces": {
				"north": {"uv": [9.25, 7.5, 9.46875, 9.5], "texture": "#0"},
				"east": {"uv": [5.5, 7, 6.3125, 9], "texture": "#0"},
				"south": {"uv": [9.5, 0, 9.71875, 2], "texture": "#0"},
				"west": {"uv": [6.5, 7, 7.3125, 9], "texture": "#0"},
				"up": {"uv": [2.71875, 12.0625, 2.5, 11.25], "texture": "#0"},
				"down": {"uv": [2.96875, 11.25, 2.75, 12.0625], "texture": "#0"}
			}
		},
		{
			"from": [7.675, 0.57721, 11.52328],
			"to": [8.325, 2.82721, 13.79828],
			"rotation": {"angle": 0, "axis": "x", "origin": [7.9813, 1.25, 8.00005]},
			"faces": {
				"north": {"uv": [4.25, 12.5, 4.40625, 13.0625], "texture": "#0"},
				"east": {"uv": [10.5, 6.75, 11.0625, 7.3125], "texture": "#0"},
				"south": {"uv": [12.5, 4.5, 12.65625, 5.0625], "texture": "#0"},
				"west": {"uv": [10.5, 7.5, 11.0625, 8.0625], "texture": "#0"},
				"up": {"uv": [12.65625, 5.8125, 12.5, 5.25], "texture": "#0"},
				"down": {"uv": [12.65625, 6.75, 12.5, 7.3125], "texture": "#0"}
			}
		},
		{
			"from": [7.67489, -3.33481, 11.61516],
			"to": [8.32511, -1.73459, 14.21538],
			"rotation": {"angle": -45, "axis": "x", "origin": [7.9813, 1.25, 8.00005]},
			"faces": {
				"north": {"uv": [12.25, 12.75, 12.40625, 13.15625], "texture": "#0"},
				"east": {"uv": [10.5, 9.75, 11.15625, 10.15625], "texture": "#0"},
				"south": {"uv": [13, 1.5, 13.15625, 1.90625], "texture": "#0"},
				"west": {"uv": [10.5, 10.25, 11.15625, 10.65625], "texture": "#0"},
				"up": {"uv": [11.15625, 12.90625, 11, 12.25], "texture": "#0"},
				"down": {"uv": [12.40625, 11, 12.25, 11.65625], "texture": "#0"}
			}
		},
		{
			"from": [7.6748, 4.8741, 3.42408],
			"to": [8.3252, 7.4745, 5.02448],
			"rotation": {"angle": -45, "axis": "x", "origin": [7.9813, 1.25, 8.00005]},
			"faces": {
				"north": {"uv": [11.25, 12.25, 11.40625, 12.90625], "texture": "#0"},
				"east": {"uv": [10.75, 0, 11.15625, 0.65625], "texture": "#0"},
				"south": {"uv": [11.5, 12.25, 11.65625, 12.90625], "texture": "#0"},
				"west": {"uv": [7.75, 10.75, 8.15625, 11.40625], "texture": "#0"},
				"up": {"uv": [2.65625, 13.40625, 2.5, 13], "texture": "#0"},
				"down": {"uv": [2.90625, 13, 2.75, 13.40625], "texture": "#0"}
			}
		},
		{
			"from": [7.675, 2.40931, 14.50538],
			"to": [8.325, 3.53431, 15.63038],
			"rotation": {"angle": 0, "axis": "x", "origin": [7.9813, 1.25, 8.00005]},
			"faces": {
				"north": {"uv": [6, 13.25, 6.15625, 13.53125], "texture": "#0"},
				"east": {"uv": [12.5, 12.5, 12.78125, 12.78125], "texture": "#0"},
				"south": {"uv": [13.25, 6.5, 13.40625, 6.78125], "texture": "#0"},
				"west": {"uv": [12.75, 0, 13.03125, 0.28125], "texture": "#0"},
				"up": {"uv": [13.40625, 7.28125, 13.25, 7], "texture": "#0"},
				"down": {"uv": [7.40625, 13.25, 7.25, 13.53125], "texture": "#0"}
			}
		},
		{
			"from": [7.675, 2.42206, 0.36962],
			"to": [8.325, 3.54706, 1.49462],
			"rotation": {"angle": 0, "axis": "y", "origin": [7.9813, 1.25, 8.00005]},
			"faces": {
				"north": {"uv": [13.25, 7.5, 13.40625, 7.78125], "texture": "#0"},
				"east": {"uv": [12.75, 0.5, 13.03125, 0.78125], "texture": "#0"},
				"south": {"uv": [8, 13.25, 8.15625, 13.53125], "texture": "#0"},
				"west": {"uv": [12.75, 1, 13.03125, 1.28125], "texture": "#0"},
				"up": {"uv": [13.40625, 8.28125, 13.25, 8], "texture": "#0"},
				"down": {"uv": [8.40625, 13.25, 8.25, 13.53125], "texture": "#0"}
			}
		},
		{
			"from": [7.675, 0.57721, 2.20172],
			"to": [8.325, 2.82721, 4.47672],
			"rotation": {"angle": 0, "axis": "y", "origin": [7.9813, 1.25, 8.00005]},
			"faces": {
				"north": {"uv": [12.5, 7.75, 12.65625, 8.3125], "texture": "#0"},
				"east": {"uv": [10.5, 8.25, 11.0625, 8.8125], "texture": "#0"},
				"south": {"uv": [9.75, 12.5, 9.90625, 13.0625], "texture": "#0"},
				"west": {"uv": [10.5, 9, 11.0625, 9.5625], "texture": "#0"},
				"up": {"uv": [10.15625, 13.0625, 10, 12.5], "texture": "#0"},
				"down": {"uv": [10.40625, 12.5, 10.25, 13.0625], "texture": "#0"}
			}
		},
		{
			"from": [7.575, 3.26529, 5.01526],
			"to": [8.425, 6.46529, 13.01526],
			"rotation": {"angle": -45, "axis": "x", "origin": [7.9813, 1.25, 8.00005]},
			"faces": {
				"north": {"uv": [11.25, 2.75, 11.46875, 3.5625], "texture": "#0"},
				"east": {"uv": [7.5, 0, 9.5, 0.8125], "texture": "#0"},
				"south": {"uv": [3, 11.25, 3.21875, 12.0625], "texture": "#0"},
				"west": {"uv": [7.5, 1, 9.5, 1.8125], "texture": "#0"},
				"up": {"uv": [7.71875, 11.5, 7.5, 9.5], "texture": "#0"},
				"down": {"uv": [9.71875, 7.5, 9.5, 9.5], "texture": "#0"}
			}
		},
		{
			"from": [7.3748, -0.18491, 6.54007],
			"to": [8.6252, 4.69049, 11.44047],
			"rotation": {"angle": -45, "axis": "x", "origin": [7.9813, 1.25, 8.00005]},
			"faces": {
				"north": {"uv": [10.25, 0, 10.5625, 1.21875], "texture": "#0"},
				"east": {"uv": [7.5, 2, 8.71875, 3.21875], "texture": "#0"},
				"south": {"uv": [10.5, 3, 10.8125, 4.21875], "texture": "#0"},
				"west": {"uv": [7.5, 3.25, 8.71875, 4.46875], "texture": "#0"},
				"up": {"uv": [10.8125, 5.46875, 10.5, 4.25], "texture": "#0"},
				"down": {"uv": [10.8125, 5.5, 10.5, 6.71875], "texture": "#0"}
			}
		},
		{
			"from": [7.175, 0.62177, 5.94116],
			"to": [8.825, 4.69677, 10.04116],
			"rotation": {"angle": -45, "axis": "x", "origin": [8, 2.65927, 7.99116]},
			"faces": {
				"north": {"uv": [3.5, 9.75, 3.90625, 10.78125], "texture": "#0"},
				"east": {"uv": [2, 8.5, 3.03125, 9.53125], "texture": "#0"},
				"south": {"uv": [4, 9.75, 4.40625, 10.78125], "texture": "#0"},
				"west": {"uv": [3.25, 8.5, 4.28125, 9.53125], "texture": "#0"},
				"up": {"uv": [10.15625, 5.28125, 9.75, 4.25], "texture": "#0"},
				"down": {"uv": [10.15625, 5.5, 9.75, 6.53125], "texture": "#0"}
			}
		},
		{
			"from": [7.2747, -0.70633, 6.01865],
			"to": [8.7253, 0.96927, 7.71925],
			"rotation": {"angle": -45, "axis": "x", "origin": [7.9813, 1.25, 8.00005]},
			"faces": {
				"north": {"uv": [10.5, 11.25, 10.875, 11.65625], "texture": "#0"},
				"east": {"uv": [11.25, 1.25, 11.6875, 1.65625], "texture": "#0"},
				"south": {"uv": [11, 11.25, 11.375, 11.65625], "texture": "#0"},
				"west": {"uv": [11.25, 3.75, 11.6875, 4.15625], "texture": "#0"},
				"up": {"uv": [11.625, 7.1875, 11.25, 6.75], "texture": "#0"},
				"down": {"uv": [11.625, 7.25, 11.25, 7.6875], "texture": "#0"}
			}
		},
		{
			"from": [7.275, -2.08784, 7.50156],
			"to": [8.725, -0.68784, 9.37656],
			"rotation": {"angle": 22.5, "axis": "x", "origin": [7.9813, 1.25, 8.00005]},
			"faces": {
				"north": {"uv": [11.75, 1.25, 12.125, 1.59375], "texture": "#0"},
				"east": {"uv": [11.25, 7.75, 11.71875, 8.09375], "texture": "#0"},
				"south": {"uv": [11.75, 9.75, 12.125, 10.09375], "texture": "#0"},
				"west": {"uv": [11.25, 8.25, 11.71875, 8.59375], "texture": "#0"},
				"up": {"uv": [11.625, 4.71875, 11.25, 4.25], "texture": "#0"},
				"down": {"uv": [11.625, 4.75, 11.25, 5.21875], "texture": "#0"}
			}
		},
		{
			"from": [7.2749, -2.0648, 6.61379],
			"to": [8.7251, -0.6646, 8.48899],
			"rotation": {"angle": -22.5, "axis": "x", "origin": [7.9813, 1.25, 8.00005]},
			"faces": {
				"north": {"uv": [11.75, 10.25, 12.125, 10.59375], "texture": "#0"},
				"east": {"uv": [11.25, 8.75, 11.71875, 9.09375], "texture": "#0"},
				"south": {"uv": [10.5, 11.75, 10.875, 12.09375], "texture": "#0"},
				"west": {"uv": [11.25, 9.25, 11.71875, 9.59375], "texture": "#0"},
				"up": {"uv": [11.625, 5.71875, 11.25, 5.25], "texture": "#0"},
				"down": {"uv": [11.625, 5.75, 11.25, 6.21875], "texture": "#0"}
			}
		},
		{
			"from": [7.475, -1.92644, 8.4215],
			"to": [8.525, -0.72644, 8.5965],
			"rotation": {"angle": -22.5, "axis": "x", "origin": [7.9813, 1.25, 8.00005]},
			"faces": {
				"north": {"uv": [4.5, 12.75, 4.75, 13.0625], "texture": "#0"},
				"east": {"uv": [13.5, 14, 13.53125, 14.3125], "texture": "#0"},
				"south": {"uv": [12.75, 4.5, 13, 4.8125], "texture": "#0"},
				"west": {"uv": [14, 13.5, 14.03125, 13.8125], "texture": "#0"},
				"up": {"uv": [1.25, 14.28125, 1, 14.25], "texture": "#0"},
				"down": {"uv": [14.5, 1, 14.25, 1.03125], "texture": "#0"}
			}
		},
		{
			"from": [7.475, -1.93129, 7.39191],
			"to": [8.525, -0.73129, 7.56691],
			"rotation": {"angle": 22.5, "axis": "x", "origin": [7.9813, 1.25, 8.00005]},
			"faces": {
				"north": {"uv": [4.75, 12.75, 5, 13.0625], "texture": "#0"},
				"east": {"uv": [13.75, 14, 13.78125, 14.3125], "texture": "#0"},
				"south": {"uv": [12.75, 5, 13, 5.3125], "texture": "#0"},
				"west": {"uv": [14, 14, 14.03125, 14.3125], "texture": "#0"},
				"up": {"uv": [14.5, 1.28125, 14.25, 1.25], "texture": "#0"},
				"down": {"uv": [1.75, 14.25, 1.5, 14.28125], "texture": "#0"}
			}
		},
		{
			"from": [7.55, -2.93697, 3.78801],
			"to": [8.45, -1.96197, 4.78801],
			"rotation": {"angle": -45, "axis": "x", "origin": [7.9813, 1.25, 8.00005]},
			"faces": {
				"north": {"uv": [7.25, 13, 7.46875, 13.25], "texture": "#0"},
				"east": {"uv": [11.25, 11, 11.5, 11.25], "texture": "#0"},
				"south": {"uv": [8, 13, 8.21875, 13.25], "texture": "#0"},
				"west": {"uv": [11.75, 0.75, 12, 1], "texture": "#0"},
				"up": {"uv": [8.46875, 13.25, 8.25, 13], "texture": "#0"},
				"down": {"uv": [8.71875, 13, 8.5, 13.25], "texture": "#0"}
			}
		},
		{
			"from": [8, 4, 3.6],
			"to": [8, 32, 12.4],
			"rotation": {"angle": 0, "axis": "y", "origin": [7.9813, 1.25, 8.00005]},
			"faces": {
				"north": {"uv": [0, 0, 0, 7], "texture": "#0"},
				"east": {"uv": [0, 0, 2.1875, 7], "texture": "#0"},
				"south": {"uv": [0, 0, 0, 7], "texture": "#0"},
				"west": {"uv": [2.25, 0, 4.4375, 7], "texture": "#0"},
				"up": {"uv": [0, 2.1875, 0, 0], "texture": "#0"},
				"down": {"uv": [0, 0, 0, 2.1875], "texture": "#0"}
			}
		}
	],
	"display": {
		"thirdperson_righthand": {
			"rotation": [0, 21, 0],
			"translation": [0.25, 14, 1.25]
		},
		"thirdperson_lefthand": {
			"rotation": [-4.04, 26.21, 2],
			"translation": [0, 15, 0]
		},
		"firstperson_righthand": {
			"rotation": [-47.2, 17.45, 5.48],
			"translation": [0.25, 4.5, -2.75],
			"scale": [0.78906, 0.78906, 0.78906]
		},
		"firstperson_lefthand": {
			"rotation": [-40.51, 29.44, -2.9],
			"translation": [0.75, 3.75, -4.5]
		},
		"ground": {
			"rotation": [-2.88, 50.48, 16.02],
			"translation": [0, 22.5, 0]
		},
		"gui": {
			"rotation": [90, -57.75, 90],
			"scale": [1, 0.4668, 0.51758]
		},
		"head": {
			"rotation": [90, 90, 90],
			"translation": [-0.75, -8.25, 10.5],
			"scale": [2, 2, 2]
		},
		"fixed": {
			"rotation": [0, 89.5, 0],
			"translation": [0, 0, -0.25],
			"scale": [4, 4, 4]
		}
	}
}