{
	"credit": "Made with Blockbench",
	"texture_size": [64, 64],
	"textures": {
		"2": "item/custom/modelespadasd",
		"particle": "item/custom/modelespadasd"
	},
	"elements": [
		{
			"from": [6.9, 13, 7.9],
			"to": [8.1, 14, 9.1],
			"rotation": {"angle": 0, "axis": "y", "origin": [7.5, 13.5, 8.5]},
			"faces": {
				"north": {"uv": [4.75, 1.25, 5.0625, 1.5], "texture": "#2"},
				"east": {"uv": [6, 5, 6.3125, 5.25], "texture": "#2"},
				"south": {"uv": [6, 5.25, 6.3125, 5.5], "texture": "#2"},
				"west": {"uv": [6, 5.5, 6.3125, 5.75], "texture": "#2"},
				"up": {"uv": [6.0625, 1.3125, 5.75, 1], "texture": "#2"},
				"down": {"uv": [6.0625, 1.5, 5.75, 1.8125], "texture": "#2"}
			}
		},
		{
			"from": [6.95, 8, 7.95],
			"to": [8.05, 9, 9.05],
			"rotation": {"angle": 0, "axis": "y", "origin": [7.5, 7.5, 8.5]},
			"faces": {
				"north": {"uv": [6.25, 3.75, 6.53125, 4], "texture": "#2"},
				"east": {"uv": [2.75, 6.5, 3.03125, 6.75], "texture": "#2"},
				"south": {"uv": [6.5, 2.75, 6.78125, 3], "texture": "#2"},
				"west": {"uv": [6.5, 3, 6.78125, 3.25], "texture": "#2"},
				"up": {"uv": [1.53125, 6.28125, 1.25, 6], "texture": "#2"},
				"down": {"uv": [2.03125, 6, 1.75, 6.28125], "texture": "#2"}
			}
		},
		{
			"from": [6.95, 12, 7.95],
			"to": [8.05, 13, 9.05],
			"rotation": {"angle": 0, "axis": "y", "origin": [7.5, 11.5, 8.5]},
			"faces": {
				"north": {"uv": [3.25, 6.5, 3.53125, 6.75], "texture": "#2"},
				"east": {"uv": [6.5, 3.25, 6.78125, 3.5], "texture": "#2"},
				"south": {"uv": [6.5, 3.5, 6.78125, 3.75], "texture": "#2"},
				"west": {"uv": [3.75, 6.5, 4.03125, 6.75], "texture": "#2"},
				"up": {"uv": [6.28125, 2.28125, 6, 2], "texture": "#2"},
				"down": {"uv": [3.28125, 6, 3, 6.28125], "texture": "#2"}
			}
		},
		{
			"from": [6.9, 7, 7.9],
			"to": [8.1, 8, 9.1],
			"rotation": {"angle": 0, "axis": "y", "origin": [7.5, 7.5, 8.5]},
			"faces": {
				"north": {"uv": [5.75, 6, 6.0625, 6.25], "texture": "#2"},
				"east": {"uv": [6, 5.75, 6.3125, 6], "texture": "#2"},
				"south": {"uv": [6.25, 0, 6.5625, 0.25], "texture": "#2"},
				"west": {"uv": [6.25, 0.25, 6.5625, 0.5], "texture": "#2"},
				"up": {"uv": [2.8125, 6.0625, 2.5, 5.75], "texture": "#2"},
				"down": {"uv": [6.0625, 2.5, 5.75, 2.8125], "texture": "#2"}
			}
		},
		{
			"from": [7.2, 14, 7.7],
			"to": [7.8, 16, 9.3],
			"rotation": {"angle": 0, "axis": "y", "origin": [7.5, 14.5, 8.5]},
			"faces": {
				"north": {"uv": [2.25, 6, 2.40625, 6.5], "texture": "#2"},
				"east": {"uv": [4.75, 4, 5.15625, 4.5], "texture": "#2"},
				"south": {"uv": [4, 6, 4.15625, 6.5], "texture": "#2"},
				"west": {"uv": [4.25, 4.75, 4.65625, 5.25], "texture": "#2"},
				"up": {"uv": [4.65625, 6.90625, 4.5, 6.5], "texture": "#2"},
				"down": {"uv": [6.65625, 4.75, 6.5, 5.15625], "texture": "#2"}
			}
		},
		{
			"from": [6.85, 18.4, 8],
			"to": [8.15, 19.4, 9],
			"rotation": {"angle": -45, "axis": "x", "origin": [7.5, 18.9, 8.5]},
			"faces": {
				"north": {"uv": [6.25, 0.5, 6.5625, 0.75], "texture": "#2"},
				"east": {"uv": [4.25, 4.5, 4.5, 4.75], "texture": "#2"},
				"south": {"uv": [6.25, 0.75, 6.5625, 1], "texture": "#2"},
				"west": {"uv": [5, 1.75, 5.25, 2], "texture": "#2"},
				"up": {"uv": [6.5625, 1.25, 6.25, 1], "texture": "#2"},
				"down": {"uv": [6.5625, 1.25, 6.25, 1.5], "texture": "#2"}
			}
		},
		{
			"from": [7.1999, 13.9999, 5.6999],
			"to": [7.8001, 15.0001, 11.3001],
			"rotation": {"angle": 0, "axis": "y", "origin": [7.5, 14.5, 8.5]},
			"faces": {
				"north": {"uv": [5.75, 6.75, 5.90625, 7], "texture": "#2"},
				"east": {"uv": [3.75, 2.5, 5.15625, 2.75], "texture": "#2"},
				"south": {"uv": [6.75, 5.75, 6.90625, 6], "texture": "#2"},
				"west": {"uv": [3.75, 2.75, 5.15625, 3], "texture": "#2"},
				"up": {"uv": [2.15625, 5.90625, 2, 4.5], "texture": "#2"},
				"down": {"uv": [2.40625, 4.5, 2.25, 5.90625], "texture": "#2"}
			}
		},
		{
			"from": [7.24999, 13.28071, 11.01222],
			"to": [7.75001, 14.88073, 12.01224],
			"rotation": {"angle": -45, "axis": "x", "origin": [7.5, 14.08072, 11.51223]},
			"faces": {
				"north": {"uv": [6.75, 1.5, 6.875, 1.90625], "texture": "#2"},
				"east": {"uv": [5.5, 4.75, 5.75, 5.15625], "texture": "#2"},
				"south": {"uv": [6.75, 2, 6.875, 2.40625], "texture": "#2"},
				"west": {"uv": [5, 5.5, 5.25, 5.90625], "texture": "#2"},
				"up": {"uv": [7.125, 1.25, 7, 1], "texture": "#2"},
				"down": {"uv": [1.375, 7, 1.25, 7.25], "texture": "#2"}
			}
		},
		{
			"from": [7.24999, 13.58071, 4.68776],
			"to": [7.75001, 14.58073, 6.28778],
			"rotation": {"angle": -45, "axis": "x", "origin": [7.5, 14.08072, 5.48777]},
			"faces": {
				"north": {"uv": [7, 1.25, 7.125, 1.5], "texture": "#2"},
				"east": {"uv": [4, 1.75, 4.40625, 2], "texture": "#2"},
				"south": {"uv": [1.5, 7, 1.625, 7.25], "texture": "#2"},
				"west": {"uv": [4.5, 1.75, 4.90625, 2], "texture": "#2"},
				"up": {"uv": [2.875, 7.15625, 2.75, 6.75], "texture": "#2"},
				"down": {"uv": [3.125, 6.75, 3, 7.15625], "texture": "#2"}
			}
		},
		{
			"from": [7.1, 15, 6.6],
			"to": [7.9, 17, 8.2],
			"rotation": {"angle": 0, "axis": "y", "origin": [7.5, 15.5, 7.5]},
			"faces": {
				"north": {"uv": [5.75, 4, 5.9375, 4.5], "texture": "#2"},
				"east": {"uv": [4.75, 4.5, 5.15625, 5], "texture": "#2"},
				"south": {"uv": [5.75, 4.5, 5.9375, 5], "texture": "#2"},
				"west": {"uv": [5, 0, 5.40625, 0.5], "texture": "#2"},
				"up": {"uv": [5.6875, 6.65625, 5.5, 6.25], "texture": "#2"},
				"down": {"uv": [5.9375, 6.25, 5.75, 6.65625], "texture": "#2"}
			}
		},
		{
			"from": [7.1, 15, 8.8],
			"to": [7.9, 17, 10.4],
			"rotation": {"angle": 0, "axis": "y", "origin": [7.5, 15.5, 9.5]},
			"faces": {
				"north": {"uv": [5.75, 5, 5.9375, 5.5], "texture": "#2"},
				"east": {"uv": [4.75, 5, 5.15625, 5.5], "texture": "#2"},
				"south": {"uv": [5.5, 5.75, 5.6875, 6.25], "texture": "#2"},
				"west": {"uv": [5.25, 0.5, 5.65625, 1], "texture": "#2"},
				"up": {"uv": [6.1875, 6.65625, 6, 6.25], "texture": "#2"},
				"down": {"uv": [6.4375, 6, 6.25, 6.40625], "texture": "#2"}
			}
		},
		{
			"from": [7.1, 17, 9.2],
			"to": [7.9, 19, 10.8],
			"rotation": {"angle": 0, "axis": "y", "origin": [7.5, 17.5, 9.9]},
			"faces": {
				"north": {"uv": [5.75, 5.5, 5.9375, 6], "texture": "#2"},
				"east": {"uv": [5.25, 1, 5.65625, 1.5], "texture": "#2"},
				"south": {"uv": [6, 0, 6.1875, 0.5], "texture": "#2"},
				"west": {"uv": [5.25, 1.5, 5.65625, 2], "texture": "#2"},
				"up": {"uv": [1.1875, 6.90625, 1, 6.5], "texture": "#2"},
				"down": {"uv": [1.4375, 6.5, 1.25, 6.90625], "texture": "#2"}
			}
		},
		{
			"from": [7.1999, 16.72711, 12.14132],
			"to": [7.8001, 17.85731, 13.27152],
			"rotation": {"angle": 0, "axis": "y", "origin": [7.5, 17.32721, 12.84142]},
			"faces": {
				"north": {"uv": [4, 6.75, 4.15625, 7.03125], "texture": "#2"},
				"east": {"uv": [3.5, 6, 3.78125, 6.28125], "texture": "#2"},
				"south": {"uv": [6.75, 4.25, 6.90625, 4.53125], "texture": "#2"},
				"west": {"uv": [6, 4, 6.28125, 4.28125], "texture": "#2"},
				"up": {"uv": [4.90625, 7.03125, 4.75, 6.75], "texture": "#2"},
				"down": {"uv": [6.90625, 4.75, 6.75, 5.03125], "texture": "#2"}
			}
		},
		{
			"from": [7.1999, 16.72711, 3.71632],
			"to": [7.8001, 17.85731, 4.84652],
			"rotation": {"angle": 0, "axis": "y", "origin": [7.5, 17.29221, 4.28142]},
			"faces": {
				"north": {"uv": [5, 6.75, 5.15625, 7.03125], "texture": "#2"},
				"east": {"uv": [6, 4.5, 6.28125, 4.78125], "texture": "#2"},
				"south": {"uv": [5.25, 6.75, 5.40625, 7.03125], "texture": "#2"},
				"west": {"uv": [5, 6, 5.28125, 6.28125], "texture": "#2"},
				"up": {"uv": [6.90625, 5.53125, 6.75, 5.25], "texture": "#2"},
				"down": {"uv": [5.65625, 6.75, 5.5, 7.03125], "texture": "#2"}
			}
		},
		{
			"from": [7.1, 17, 11.2],
			"to": [7.9, 22.1, 12.8],
			"rotation": {"angle": -45, "axis": "x", "origin": [7.5, 18, 12]},
			"faces": {
				"north": {"uv": [1.5, 4.5, 1.6875, 5.78125], "texture": "#2"},
				"east": {"uv": [3.5, 0.5, 3.90625, 1.78125], "texture": "#2"},
				"south": {"uv": [1.75, 4.5, 1.9375, 5.78125], "texture": "#2"},
				"west": {"uv": [2.5, 3.75, 2.90625, 5.03125], "texture": "#2"},
				"up": {"uv": [1.6875, 6.90625, 1.5, 6.5], "texture": "#2"},
				"down": {"uv": [1.9375, 6.5, 1.75, 6.90625], "texture": "#2"}
			}
		},
		{
			"from": [7.1, 18.29602, 3.54602],
			"to": [7.9, 19.89602, 8.64602],
			"rotation": {"angle": -45, "axis": "x", "origin": [7.5, 19.09602, 6.09602]},
			"faces": {
				"north": {"uv": [2, 6.5, 2.1875, 6.90625], "texture": "#2"},
				"east": {"uv": [2.5, 3.25, 3.8125, 3.65625], "texture": "#2"},
				"south": {"uv": [6.5, 2, 6.6875, 2.40625], "texture": "#2"},
				"west": {"uv": [3.5, 0, 4.8125, 0.40625], "texture": "#2"},
				"up": {"uv": [1.1875, 5.8125, 1, 4.5], "texture": "#2"},
				"down": {"uv": [1.4375, 4.5, 1.25, 5.8125], "texture": "#2"}
			}
		},
		{
			"from": [7.1, 17, 6.2],
			"to": [7.9, 19, 7.8],
			"rotation": {"angle": 0, "axis": "y", "origin": [7.5, 17.5, 6.9]},
			"faces": {
				"north": {"uv": [6, 0.5, 6.1875, 1], "texture": "#2"},
				"east": {"uv": [2.5, 5.25, 2.90625, 5.75], "texture": "#2"},
				"south": {"uv": [1, 6, 1.1875, 6.5], "texture": "#2"},
				"west": {"uv": [5.25, 2.5, 5.65625, 3], "texture": "#2"},
				"up": {"uv": [2.4375, 6.90625, 2.25, 6.5], "texture": "#2"},
				"down": {"uv": [2.6875, 6.5, 2.5, 6.90625], "texture": "#2"}
			}
		},
		{
			"from": [7, 18, 5.2],
			"to": [8, 19, 11.8],
			"rotation": {"angle": 0, "axis": "y", "origin": [7.5, 18.5, 8.5]},
			"faces": {
				"north": {"uv": [5, 3, 5.25, 3.25], "texture": "#2"},
				"east": {"uv": [3.5, 2, 5.15625, 2.25], "texture": "#2"},
				"south": {"uv": [5.25, 2, 5.5, 2.25], "texture": "#2"},
				"west": {"uv": [3.75, 2.25, 5.40625, 2.5], "texture": "#2"},
				"up": {"uv": [3.25, 5.40625, 3, 3.75], "texture": "#2"},
				"down": {"uv": [3.5, 3.75, 3.25, 5.40625], "texture": "#2"}
			}
		},
		{
			"from": [7.025, 19, 6.2],
			"to": [7.975, 20, 10.8],
			"rotation": {"angle": 0, "axis": "y", "origin": [7.5, 19.5, 6.9]},
			"faces": {
				"north": {"uv": [5, 6.5, 5.25, 6.75], "texture": "#2"},
				"east": {"uv": [3.75, 3, 4.90625, 3.25], "texture": "#2"},
				"south": {"uv": [5.25, 6.5, 5.5, 6.75], "texture": "#2"},
				"west": {"uv": [4, 1.5, 5.15625, 1.75], "texture": "#2"},
				"up": {"uv": [4.25, 4.40625, 4, 3.25], "texture": "#2"},
				"down": {"uv": [4.5, 3.25, 4.25, 4.40625], "texture": "#2"}
			}
		},
		{
			"from": [7, -11, 8],
			"to": [8, 15, 9],
			"rotation": {"angle": 0, "axis": "y", "origin": [7.5, -4.5, 8.5]},
			"faces": {
				"north": {"uv": [0, 2.25, 0.25, 8.75], "texture": "#2"},
				"east": {"uv": [0.25, 2.25, 0.5, 8.75], "texture": "#2"},
				"south": {"uv": [0.5, 2.25, 0.75, 8.75], "texture": "#2"},
				"west": {"uv": [0.75, 2.25, 1, 8.75], "texture": "#2"},
				"up": {"uv": [6.75, 5.5, 6.5, 5.25], "texture": "#2"},
				"down": {"uv": [6.75, 5.5, 6.5, 5.75], "texture": "#2"}
			}
		},
		{
			"from": [6.9, -11, 7.9],
			"to": [8.1, -10, 9.1],
			"rotation": {"angle": 0, "axis": "y", "origin": [7.5, -8.5, 8.5]},
			"faces": {
				"north": {"uv": [6.25, 1.5, 6.5625, 1.75], "texture": "#2"},
				"east": {"uv": [6.25, 1.75, 6.5625, 2], "texture": "#2"},
				"south": {"uv": [2.5, 6.25, 2.8125, 6.5], "texture": "#2"},
				"west": {"uv": [6.25, 2.5, 6.5625, 2.75], "texture": "#2"},
				"up": {"uv": [6.0625, 3.3125, 5.75, 3], "texture": "#2"},
				"down": {"uv": [6.0625, 3.5, 5.75, 3.8125], "texture": "#2"}
			}
		},
		{
			"from": [7.3, -11.8, 8.9],
			"to": [7.7, -10.8, 9.3],
			"rotation": {"angle": -22.5, "axis": "x", "origin": [7.5, -11.3, 9.1]},
			"faces": {
				"north": {"uv": [7, 1.5, 7.09375, 1.75], "texture": "#2"},
				"east": {"uv": [1.75, 7, 1.84375, 7.25], "texture": "#2"},
				"south": {"uv": [7, 1.75, 7.09375, 2], "texture": "#2"},
				"west": {"uv": [2, 7, 2.09375, 7.25], "texture": "#2"},
				"up": {"uv": [7.09375, 3.84375, 7, 3.75], "texture": "#2"},
				"down": {"uv": [7.09375, 4, 7, 4.09375], "texture": "#2"}
			}
		},
		{
			"from": [7.3, -11.8, 7.7],
			"to": [7.7, -10.8, 8.1],
			"rotation": {"angle": 22.5, "axis": "x", "origin": [7.5, -11.3, 7.9]},
			"faces": {
				"north": {"uv": [7, 2, 7.09375, 2.25], "texture": "#2"},
				"east": {"uv": [2.25, 7, 2.34375, 7.25], "texture": "#2"},
				"south": {"uv": [7, 2.25, 7.09375, 2.5], "texture": "#2"},
				"west": {"uv": [2.5, 7, 2.59375, 7.25], "texture": "#2"},
				"up": {"uv": [7.09375, 4.34375, 7, 4.25], "texture": "#2"},
				"down": {"uv": [4.59375, 7, 4.5, 7.09375], "texture": "#2"}
			}
		},
		{
			"from": [7.25, -14.4, 8.3],
			"to": [7.75, -12.1, 8.7],
			"rotation": {"angle": 0, "axis": "y", "origin": [7.5, -11.3, 8.5]},
			"faces": {
				"north": {"uv": [6.5, 4, 6.625, 4.5625], "texture": "#2"},
				"east": {"uv": [6.75, 0, 6.84375, 0.5625], "texture": "#2"},
				"south": {"uv": [4.25, 6.5, 4.375, 7.0625], "texture": "#2"},
				"west": {"uv": [6.75, 0.75, 6.84375, 1.3125], "texture": "#2"},
				"up": {"uv": [3.625, 7.09375, 3.5, 7], "texture": "#2"},
				"down": {"uv": [7.125, 3.5, 7, 3.59375], "texture": "#2"}
			}
		},
		{
			"from": [7.2999, -12.1001, 7.4999],
			"to": [7.7001, -11.6999, 9.5001],
			"rotation": {"angle": 0, "axis": "y", "origin": [7.5, -12.4, 8.9]},
			"faces": {
				"north": {"uv": [7, 4.5, 7.09375, 4.59375], "texture": "#2"},
				"east": {"uv": [6.75, 2.5, 7.25, 2.59375], "texture": "#2"},
				"south": {"uv": [7, 4.75, 7.09375, 4.84375], "texture": "#2"},
				"west": {"uv": [3.25, 6.75, 3.75, 6.84375], "texture": "#2"},
				"up": {"uv": [3.84375, 7.25, 3.75, 6.75], "texture": "#2"},
				"down": {"uv": [6.84375, 3.75, 6.75, 4.25], "texture": "#2"}
			}
		},
		{
			"from": [7.2999, -13.5001, 7.6999],
			"to": [7.7001, -12.0999, 9.3001],
			"rotation": {"angle": 0, "axis": "y", "origin": [7.5, -12.4, 8.9]},
			"faces": {
				"north": {"uv": [6.75, 6.5, 6.84375, 6.84375], "texture": "#2"},
				"east": {"uv": [5.5, 0, 5.90625, 0.34375], "texture": "#2"},
				"south": {"uv": [7, 0, 7.09375, 0.34375], "texture": "#2"},
				"west": {"uv": [5.5, 2, 5.90625, 2.34375], "texture": "#2"},
				"up": {"uv": [6.09375, 7.15625, 6, 6.75], "texture": "#2"},
				"down": {"uv": [6.84375, 6, 6.75, 6.40625], "texture": "#2"}
			}
		},
		{
			"from": [7.3249, -14.5001, 7.7999],
			"to": [7.6751, -12.0999, 9.2001],
			"rotation": {"angle": 0, "axis": "y", "origin": [7.5, -12.4, 8.9]},
			"faces": {
				"north": {"uv": [6.25, 6.5, 6.34375, 7.09375], "texture": "#2"},
				"east": {"uv": [4.75, 0.5, 5.09375, 1.09375], "texture": "#2"},
				"south": {"uv": [6.5, 6.25, 6.59375, 6.84375], "texture": "#2"},
				"west": {"uv": [4.75, 3.25, 5.09375, 3.84375], "texture": "#2"},
				"up": {"uv": [7.09375, 0.84375, 7, 0.5], "texture": "#2"},
				"down": {"uv": [1.09375, 7, 1, 7.34375], "texture": "#2"}
			}
		},
		{
			"from": [7.32499, -14.87637, 8.0691],
			"to": [7.67501, -13.87635, 9.04412],
			"rotation": {"angle": 45, "axis": "x", "origin": [7.525, -14.37636, 8.36911]},
			"faces": {
				"north": {"uv": [7, 2.75, 7.09375, 3], "texture": "#2"},
				"east": {"uv": [6.5, 5.75, 6.75, 6], "texture": "#2"},
				"south": {"uv": [7, 3, 7.09375, 3.25], "texture": "#2"},
				"west": {"uv": [6.5, 6, 6.75, 6.25], "texture": "#2"},
				"up": {"uv": [3.34375, 7.25, 3.25, 7], "texture": "#2"},
				"down": {"uv": [7.09375, 3.25, 7, 3.5], "texture": "#2"}
			}
		},
		{
			"from": [7, 19, 7.2],
			"to": [8, 28, 9.8],
			"rotation": {"angle": 0, "axis": "y", "origin": [7.5, 18.5, 6.9]},
			"faces": {
				"north": {"uv": [3, 0, 3.25, 2.25], "texture": "#2"},
				"east": {"uv": [1, 2.25, 1.65625, 4.5], "texture": "#2"},
				"south": {"uv": [3.25, 0, 3.5, 2.25], "texture": "#2"},
				"west": {"uv": [1.75, 2.25, 2.40625, 4.5], "texture": "#2"},
				"up": {"uv": [4.75, 5.90625, 4.5, 5.25], "texture": "#2"},
				"down": {"uv": [5.5, 5.25, 5.25, 5.90625], "texture": "#2"}
			}
		},
		{
			"from": [7, 28, 7.7],
			"to": [8, 30, 9.3],
			"rotation": {"angle": 0, "axis": "y", "origin": [7.5, 20.5, 6.9]},
			"faces": {
				"north": {"uv": [3, 5.5, 3.25, 6], "texture": "#2"},
				"east": {"uv": [5.25, 3, 5.65625, 3.5], "texture": "#2"},
				"south": {"uv": [3.25, 5.5, 3.5, 6], "texture": "#2"},
				"west": {"uv": [5.25, 3.5, 5.65625, 4], "texture": "#2"},
				"up": {"uv": [5.75, 5.65625, 5.5, 5.25], "texture": "#2"},
				"down": {"uv": [6, 0.5, 5.75, 0.90625], "texture": "#2"}
			}
		},
		{
			"from": [7.2, 28, 6.2],
			"to": [7.8, 30, 10.8],
			"rotation": {"angle": 0, "axis": "y", "origin": [7.5, 22.5, 6.9]},
			"faces": {
				"north": {"uv": [4.5, 6, 4.65625, 6.5], "texture": "#2"},
				"east": {"uv": [2.5, 2.25, 3.65625, 2.75], "texture": "#2"},
				"south": {"uv": [6.25, 2.75, 6.40625, 3.25], "texture": "#2"},
				"west": {"uv": [2.5, 2.75, 3.65625, 3.25], "texture": "#2"},
				"up": {"uv": [5.40625, 5.15625, 5.25, 4], "texture": "#2"},
				"down": {"uv": [4.40625, 5.25, 4.25, 6.40625], "texture": "#2"}
			}
		},
		{
			"from": [7.2, 30, 7.2],
			"to": [7.8, 32, 9.8],
			"rotation": {"angle": 0, "axis": "y", "origin": [7.5, 22.5, 6.9]},
			"faces": {
				"north": {"uv": [6.25, 3.25, 6.40625, 3.75], "texture": "#2"},
				"east": {"uv": [4, 0.5, 4.65625, 1], "texture": "#2"},
				"south": {"uv": [4.75, 6.25, 4.90625, 6.75], "texture": "#2"},
				"west": {"uv": [4, 1, 4.65625, 1.5], "texture": "#2"},
				"up": {"uv": [5.65625, 4.65625, 5.5, 4], "texture": "#2"},
				"down": {"uv": [4.90625, 5.5, 4.75, 6.15625], "texture": "#2"}
			}
		},
		{
			"from": [7.2, 19, 5.8],
			"to": [7.8, 28, 11.2],
			"rotation": {"angle": 0, "axis": "y", "origin": [7.5, 18.5, 6.9]},
			"faces": {
				"north": {"uv": [3.5, 3.75, 3.65625, 6], "texture": "#2"},
				"east": {"uv": [0, 0, 1.34375, 2.25], "texture": "#2"},
				"south": {"uv": [3.75, 3.75, 3.90625, 6], "texture": "#2"},
				"west": {"uv": [1.5, 0, 2.84375, 2.25], "texture": "#2"},
				"up": {"uv": [4.65625, 4.59375, 4.5, 3.25], "texture": "#2"},
				"down": {"uv": [4.15625, 4.5, 4, 5.84375], "texture": "#2"}
			}
		}
	],
	"display": {
		"thirdperson_righthand": {
			"translation": [0.5, 1.5, 0.5]
		},
		"firstperson_righthand": {
			"rotation": [-32.52, -1.05, -0.67],
			"translation": [0, 0.5, 0]
		},
		"ground": {
			"rotation": [23.2, -32.98, 35.12],
			"translation": [0, 36, 0],
			"scale": [1.91406, 1.91406, 1.91406]
		},
		"head": {
			"rotation": [-74.99, 0.57, -0.88],
			"translation": [18.75, -13.5, -5],
			"scale": [1.91406, 1.91406, 1.91406]
		}
	},
	"groups": [
		{
			"name": "cabo",
			"origin": [0, 0, 0],
			"color": 0,
			"children": [0, 1, 2, 3, 4, 5, 6, 7, 8, 9, 10, 11, 12, 13, 14, 15, 16, 17, 18, 19, 20, 21, 22, 23, 24, 25, 26, 27]
		},
		{
			"name": "lanima",
			"origin": [8, 8, 8],
			"color": 0,
			"children": [28, 29, 30, 31, 32]
		}
	]
}